上海市,浦东新区,/w/%E4%B8%8A%E6%B5%B7%E5%B8%82%E6%B5%A6%E4%B8%9C%E6%96%B0%E5%8C%BA%E5%8C%BB%E9%99%A2%E5%88%97%E8%A1%A8
上海市,徐汇区,/w/%E4%B8%8A%E6%B5%B7%E5%B8%82%E5%BE%90%E6%B1%87%E5%8C%BA%E5%8C%BB%E9%99%A2%E5%88%97%E8%A1%A8
上海市,长宁区,/w/%E4%B8%8A%E6%B5%B7%E5%B8%82%E9%95%BF%E5%AE%81%E5%8C%BA%E5%8C%BB%E9%99%A2%E5%88%97%E8%A1%A8
上海市,闸北区,/w/%E4%B8%8A%E6%B5%B7%E5%B8%82%E9%97%B8%E5%8C%97%E5%8C%BA%E5%8C%BB%E9%99%A2%E5%88%97%E8%A1%A8
上海市,虹口区,/w/%E4%B8%8A%E6%B5%B7%E5%B8%82%E8%99%B9%E5%8F%A3%E5%8C%BA%E5%8C%BB%E9%99%A2%E5%88%97%E8%A1%A8
上海市,杨浦区,/w/%E4%B8%8A%E6%B5%B7%E5%B8%82%E6%9D%A8%E6%B5%A6%E5%8C%BA%E5%8C%BB%E9%99%A2%E5%88%97%E8%A1%A8
上海市,闵行区,/w/%E4%B8%8A%E6%B5%B7%E5%B8%82%E9%97%B5%E8%A1%8C%E5%8C%BA%E5%8C%BB%E9%99%A2%E5%88%97%E8%A1%A8
上海市,宝山区,/w/%E4%B8%8A%E6%B5%B7%E5%B8%82%E5%AE%9D%E5%B1%B1%E5%8C%BA%E5%8C%BB%E9%99%A2%E5%88%97%E8%A1%A8
上海市,黄浦区,/w/%E4%B8%8A%E6%B5%B7%E5%B8%82%E9%BB%84%E6%B5%A6%E5%8C%BA%E5%8C%BB%E9%99%A2%E5%88%97%E8%A1%A8
上海市,奉贤区,/w/%E4%B8%8A%E6%B5%B7%E5%B8%82%E5%A5%89%E8%B4%A4%E5%8C%BA%E5%8C%BB%E9%99%A2%E5%88%97%E8%A1%A8
上海市,静安区,/w/%E4%B8%8A%E6%B5%B7%E5%B8%82%E9%9D%99%E5%AE%89%E5%8C%BA%E5%8C%BB%E9%99%A2%E5%88%97%E8%A1%A8
上海市,卢湾区,/w/%E4%B8%8A%E6%B5%B7%E5%B8%82%E5%8D%A2%E6%B9%BE%E5%8C%BA%E5%8C%BB%E9%99%A2%E5%88%97%E8%A1%A8
上海市,普陀区,/w/%E4%B8%8A%E6%B5%B7%E5%B8%82%E6%99%AE%E9%99%80%E5%8C%BA%E5%8C%BB%E9%99%A2%E5%88%97%E8%A1%A8
上海市,崇明县,/w/%E4%B8%8A%E6%B5%B7%E5%B8%82%E5%B4%87%E6%98%8E%E5%8E%BF%E5%8C%BB%E9%99%A2%E5%88%97%E8%A1%A8
上海市,青浦区,/w/%E4%B8%8A%E6%B5%B7%E5%B8%82%E9%9D%92%E6%B5%A6%E5%8C%BA%E5%8C%BB%E9%99%A2%E5%88%97%E8%A1%A8
上海市,嘉定区,/w/%E4%B8%8A%E6%B5%B7%E5%B8%82%E5%98%89%E5%AE%9A%E5%8C%BA%E5%8C%BB%E9%99%A2%E5%88%97%E8%A1%A8
上海市,金山区,/w/%E4%B8%8A%E6%B5%B7%E5%B8%82%E9%87%91%E5%B1%B1%E5%8C%BA%E5%8C%BB%E9%99%A2%E5%88%97%E8%A1%A8
上海市,松江区,/w/%E4%B8%8A%E6%B5%B7%E5%B8%82%E6%9D%BE%E6%B1%9F%E5%8C%BA%E5%8C%BB%E9%99%A2%E5%88%97%E8%A1%A8
重庆市,九龙坡区,/w/%E9%87%8D%E5%BA%86%E5%B8%82%E4%B9%9D%E9%BE%99%E5%9D%A1%E5%8C%BA%E5%8C%BB%E9%99%A2%E5%88%97%E8%A1%A8
重庆市,万州区,/w/%E9%87%8D%E5%BA%86%E5%B8%82%E4%B8%87%E5%B7%9E%E5%8C%BA%E5%8C%BB%E9%99%A2%E5%88%97%E8%A1%A8
重庆市,沙坪坝区,/w/%E9%87%8D%E5%BA%86%E5%B8%82%E6%B2%99%E5%9D%AA%E5%9D%9D%E5%8C%BA%E5%8C%BB%E9%99%A2%E5%88%97%E8%A1%A8
重庆市,渝中区,/w/%E9%87%8D%E5%BA%86%E5%B8%82%E6%B8%9D%E4%B8%AD%E5%8C%BA%E5%8C%BB%E9%99%A2%E5%88%97%E8%A1%A8
重庆市,江北区,/w/%E9%87%8D%E5%BA%86%E5%B8%82%E6%B1%9F%E5%8C%97%E5%8C%BA%E5%8C%BB%E9%99%A2%E5%88%97%E8%A1%A8
重庆市,南岸区,/w/%E9%87%8D%E5%BA%86%E5%B8%82%E5%8D%97%E5%B2%B8%E5%8C%BA%E5%8C%BB%E9%99%A2%E5%88%97%E8%A1%A8
重庆市,巴南区,/w/%E9%87%8D%E5%BA%86%E5%B8%82%E5%B7%B4%E5%8D%97%E5%8C%BA%E5%8C%BB%E9%99%A2%E5%88%97%E8%A1%A8
重庆市,永川市,/w/%E6%B0%B8%E5%B7%9D%E5%B8%82%E5%8C%BB%E9%99%A2%E5%88%97%E8%A1%A8
重庆市,江津市,/w/%E6%B1%9F%E6%B4%A5%E5%B8%82%E5%8C%BB%E9%99%A2%E5%88%97%E8%A1%A8
重庆市,綦江县,/w/%E9%87%8D%E5%BA%86%E5%B8%82%E7%B6%A6%E6%B1%9F%E5%8E%BF%E5%8C%BB%E9%99%A2%E5%88%97%E8%A1%A8
重庆市,北碚区,/w/%E9%87%8D%E5%BA%86%E5%B8%82%E5%8C%97%E7%A2%9A%E5%8C%BA%E5%8C%BB%E9%99%A2%E5%88%97%E8%A1%A8
重庆市,合川市,/w/%E5%90%88%E5%B7%9D%E5%B8%82%E5%8C%BB%E9%99%A2%E5%88%97%E8%A1%A8
重庆市,南川市,/w/%E5%8D%97%E5%B7%9D%E5%B8%82%E5%8C%BB%E9%99%A2%E5%88%97%E8%A1%A8
重庆市,涪陵区,/w/%E9%87%8D%E5%BA%86%E5%B8%82%E6%B6%AA%E9%99%B5%E5%8C%BA%E5%8C%BB%E9%99%A2%E5%88%97%E8%A1%A8
重庆市,渝北区,/w/%E9%87%8D%E5%BA%86%E5%B8%82%E6%B8%9D%E5%8C%97%E5%8C%BA%E5%8C%BB%E9%99%A2%E5%88%97%E8%A1%A8
重庆市,大渡口区,/w/%E9%87%8D%E5%BA%86%E5%B8%82%E5%A4%A7%E6%B8%A1%E5%8F%A3%E5%8C%BA%E5%8C%BB%E9%99%A2%E5%88%97%E8%A1%A8
重庆市,大足县,/w/%E9%87%8D%E5%BA%86%E5%B8%82%E5%A4%A7%E8%B6%B3%E5%8E%BF%E5%8C%BB%E9%99%A2%E5%88%97%E8%A1%A8
重庆市,长寿区,/w/%E9%87%8D%E5%BA%86%E5%B8%82%E9%95%BF%E5%AF%BF%E5%8C%BA%E5%8C%BB%E9%99%A2%E5%88%97%E8%A1%A8
重庆市,荣昌县,/w/%E9%87%8D%E5%BA%86%E5%B8%82%E8%8D%A3%E6%98%8C%E5%8E%BF%E5%8C%BB%E9%99%A2%E5%88%97%E8%A1%A8
重庆市,梁平县,/w/%E9%87%8D%E5%BA%86%E5%B8%82%E6%A2%81%E5%B9%B3%E5%8E%BF%E5%8C%BB%E9%99%A2%E5%88%97%E8%A1%A8
重庆市,云阳县,/w/%E9%87%8D%E5%BA%86%E5%B8%82%E4%BA%91%E9%98%B3%E5%8E%BF%E5%8C%BB%E9%99%A2%E5%88%97%E8%A1%A8
重庆市,璧山县,/w/%E9%87%8D%E5%BA%86%E5%B8%82%E7%92%A7%E5%B1%B1%E5%8E%BF%E5%8C%BB%E9%99%A2%E5%88%97%E8%A1%A8
重庆市,开县,/w/%E9%87%8D%E5%BA%86%E5%B8%82%E5%BC%80%E5%8E%BF%E5%8C%BB%E9%99%A2%E5%88%97%E8%A1%A8
重庆市,万盛区,/w/%E9%87%8D%E5%BA%86%E5%B8%82%E4%B8%87%E7%9B%9B%E5%8C%BA%E5%8C%BB%E9%99%A2%E5%88%97%E8%A1%A8
重庆市,潼南县,/w/%E9%87%8D%E5%BA%86%E5%B8%82%E6%BD%BC%E5%8D%97%E5%8E%BF%E5%8C%BB%E9%99%A2%E5%88%97%E8%A1%A8
重庆市,垫江县,/w/%E9%87%8D%E5%BA%86%E5%B8%82%E5%9E%AB%E6%B1%9F%E5%8E%BF%E5%8C%BB%E9%99%A2%E5%88%97%E8%A1%A8
重庆市,丰都县,/w/%E9%87%8D%E5%BA%86%E5%B8%82%E4%B8%B0%E9%83%BD%E5%8E%BF%E5%8C%BB%E9%99%A2%E5%88%97%E8%A1%A8
重庆市,巫溪县,/w/%E9%87%8D%E5%BA%86%E5%B8%82%E5%B7%AB%E6%BA%AA%E5%8E%BF%E5%8C%BB%E9%99%A2%E5%88%97%E8%A1%A8
重庆市,奉节县,/w/%E9%87%8D%E5%BA%86%E5%B8%82%E5%A5%89%E8%8A%82%E5%8E%BF%E5%8C%BB%E9%99%A2%E5%88%97%E8%A1%A8
重庆市,铜梁县,/w/%E9%87%8D%E5%BA%86%E5%B8%82%E9%93%9C%E6%A2%81%E5%8E%BF%E5%8C%BB%E9%99%A2%E5%88%97%E8%A1%A8
重庆市,忠县,/w/%E9%87%8D%E5%BA%86%E5%B8%82%E5%BF%A0%E5%8E%BF%E5%8C%BB%E9%99%A2%E5%88%97%E8%A1%A8
重庆市,黔江区,/w/%E9%87%8D%E5%BA%86%E5%B8%82%E9%BB%94%E6%B1%9F%E5%8C%BA%E5%8C%BB%E9%99%A2%E5%88%97%E8%A1%A8
重庆市,巫山县,/w/%E9%87%8D%E5%BA%86%E5%B8%82%E5%B7%AB%E5%B1%B1%E5%8E%BF%E5%8C%BB%E9%99%A2%E5%88%97%E8%A1%A8
重庆市,酉阳土家族苗族自治县,/w/%E9%87%8D%E5%BA%86%E5%B8%82%E9%85%89%E9%98%B3%E5%9C%9F%E5%AE%B6%E6%97%8F%E8%8B%97%E6%97%8F%E8%87%AA%E6%B2%BB%E5%8E%BF%E5%8C%BB%E9%99%A2%E5%88%97%E8%A1%A8
重庆市,武隆县,/w/%E9%87%8D%E5%BA%86%E5%B8%82%E6%AD%A6%E9%9A%86%E5%8E%BF%E5%8C%BB%E9%99%A2%E5%88%97%E8%A1%A8
重庆市,城口县,/w/%E9%87%8D%E5%BA%86%E5%B8%82%E5%9F%8E%E5%8F%A3%E5%8E%BF%E5%8C%BB%E9%99%A2%E5%88%97%E8%A1%A8
重庆市,彭水苗族土家族自治县,/w/%E9%87%8D%E5%BA%86%E5%B8%82%E5%BD%AD%E6%B0%B4%E8%8B%97%E6%97%8F%E5%9C%9F%E5%AE%B6%E6%97%8F%E8%87%AA%E6%B2%BB%E5%8E%BF%E5%8C%BB%E9%99%A2%E5%88%97%E8%A1%A8
重庆市,秀山土家族苗族自治县,/w/%E9%87%8D%E5%BA%86%E5%B8%82%E7%A7%80%E5%B1%B1%E5%9C%9F%E5%AE%B6%E6%97%8F%E8%8B%97%E6%97%8F%E8%87%AA%E6%B2%BB%E5%8E%BF%E5%8C%BB%E9%99%A2%E5%88%97%E8%A1%A8
重庆市,双桥区,/w/%E9%87%8D%E5%BA%86%E5%B8%82%E5%8F%8C%E6%A1%A5%E5%8C%BA%E5%8C%BB%E9%99%A2%E5%88%97%E8%A1%A8
重庆市,石柱土家族自治县,/w/%E9%87%8D%E5%BA%86%E5%B8%82%E7%9F%B3%E6%9F%B1%E5%9C%9F%E5%AE%B6%E6%97%8F%E8%87%AA%E6%B2%BB%E5%8E%BF%E5%8C%BB%E9%99%A2%E5%88%97%E8%A1%A8
天津市,和平区,/w/%E5%A4%A9%E6%B4%A5%E5%B8%82%E5%92%8C%E5%B9%B3%E5%8C%BA%E5%8C%BB%E9%99%A2%E5%88%97%E8%A1%A8
天津市,河西区,/w/%E5%A4%A9%E6%B4%A5%E5%B8%82%E6%B2%B3%E8%A5%BF%E5%8C%BA%E5%8C%BB%E9%99%A2%E5%88%97%E8%A1%A8
天津市,南开区,/w/%E5%A4%A9%E6%B4%A5%E5%B8%82%E5%8D%97%E5%BC%80%E5%8C%BA%E5%8C%BB%E9%99%A2%E5%88%97%E8%A1%A8
天津市,河北区,/w/%E5%A4%A9%E6%B4%A5%E5%B8%82%E6%B2%B3%E5%8C%97%E5%8C%BA%E5%8C%BB%E9%99%A2%E5%88%97%E8%A1%A8
天津市,红桥区,/w/%E5%A4%A9%E6%B4%A5%E5%B8%82%E7%BA%A2%E6%A1%A5%E5%8C%BA%E5%8C%BB%E9%99%A2%E5%88%97%E8%A1%A8
天津市,河东区,/w/%E5%A4%A9%E6%B4%A5%E5%B8%82%E6%B2%B3%E4%B8%9C%E5%8C%BA%E5%8C%BB%E9%99%A2%E5%88%97%E8%A1%A8
天津市,塘沽区,/w/%E5%A4%A9%E6%B4%A5%E5%B8%82%E5%A1%98%E6%B2%BD%E5%8C%BA%E5%8C%BB%E9%99%A2%E5%88%97%E8%A1%A8
天津市,西青区,/w/%E5%A4%A9%E6%B4%A5%E5%B8%82%E8%A5%BF%E9%9D%92%E5%8C%BA%E5%8C%BB%E9%99%A2%E5%88%97%E8%A1%A8
天津市,汉沽区,/w/%E5%A4%A9%E6%B4%A5%E5%B8%82%E6%B1%89%E6%B2%BD%E5%8C%BA%E5%8C%BB%E9%99%A2%E5%88%97%E8%A1%A8
天津市,东丽区,/w/%E5%A4%A9%E6%B4%A5%E5%B8%82%E4%B8%9C%E4%B8%BD%E5%8C%BA%E5%8C%BB%E9%99%A2%E5%88%97%E8%A1%A8
天津市,蓟县,/w/%E5%A4%A9%E6%B4%A5%E5%B8%82%E8%93%9F%E5%8E%BF%E5%8C%BB%E9%99%A2%E5%88%97%E8%A1%A8
天津市,大港区,/w/%E5%A4%A9%E6%B4%A5%E5%B8%82%E5%A4%A7%E6%B8%AF%E5%8C%BA%E5%8C%BB%E9%99%A2%E5%88%97%E8%A1%A8
天津市,北辰区,/w/%E5%A4%A9%E6%B4%A5%E5%B8%82%E5%8C%97%E8%BE%B0%E5%8C%BA%E5%8C%BB%E9%99%A2%E5%88%97%E8%A1%A8
天津市,武清,/w/%E6%AD%A6%E6%B8%85%E5%8C%BB%E9%99%A2%E5%88%97%E8%A1%A8
天津市,津南区,/w/%E5%A4%A9%E6%B4%A5%E5%B8%82%E6%B4%A5%E5%8D%97%E5%8C%BA%E5%8C%BB%E9%99%A2%E5%88%97%E8%A1%A8
天津市,宁河,/w/%E5%AE%81%E6%B2%B3%E5%8C%BB%E9%99%A2%E5%88%97%E8%A1%A8
天津市,静海,/w/%E9%9D%99%E6%B5%B7%E5%8C%BB%E9%99%A2%E5%88%97%E8%A1%A8
天津市,宝坻,/w/%E5%AE%9D%E5%9D%BB%E5%8C%BB%E9%99%A2%E5%88%97%E8%A1%A8
江苏省,苏州市,/w/%E8%8B%8F%E5%B7%9E%E5%B8%82%E5%8C%BB%E9%99%A2%E5%88%97%E8%A1%A8
江苏省,无锡市,/w/%E6%97%A0%E9%94%A1%E5%B8%82%E5%8C%BB%E9%99%A2%E5%88%97%E8%A1%A8
江苏省,淮安市,/w/%E6%B7%AE%E5%AE%89%E5%B8%82%E5%8C%BB%E9%99%A2%E5%88%97%E8%A1%A8
江苏省,南京市,/w/%E5%8D%97%E4%BA%AC%E5%B8%82%E5%8C%BB%E9%99%A2%E5%88%97%E8%A1%A8
江苏省,盐城市,/w/%E7%9B%90%E5%9F%8E%E5%B8%82%E5%8C%BB%E9%99%A2%E5%88%97%E8%A1%A8
江苏省,徐州市,/w/%E5%BE%90%E5%B7%9E%E5%B8%82%E5%8C%BB%E9%99%A2%E5%88%97%E8%A1%A8
江苏省,宿迁市,/w/%E5%AE%BF%E8%BF%81%E5%B8%82%E5%8C%BB%E9%99%A2%E5%88%97%E8%A1%A8
江苏省,泰州市,/w/%E6%B3%B0%E5%B7%9E%E5%B8%82%E5%8C%BB%E9%99%A2%E5%88%97%E8%A1%A8
江苏省,南通市,/w/%E5%8D%97%E9%80%9A%E5%B8%82%E5%8C%BB%E9%99%A2%E5%88%97%E8%A1%A8
江苏省,常州市,/w/%E5%B8%B8%E5%B7%9E%E5%B8%82%E5%8C%BB%E9%99%A2%E5%88%97%E8%A1%A8
江苏省,连云港市,/w/%E8%BF%9E%E4%BA%91%E6%B8%AF%E5%B8%82%E5%8C%BB%E9%99%A2%E5%88%97%E8%A1%A8
江苏省,扬州市,/w/%E6%89%AC%E5%B7%9E%E5%B8%82%E5%8C%BB%E9%99%A2%E5%88%97%E8%A1%A8
江苏省,镇江市,/w/%E9%95%87%E6%B1%9F%E5%B8%82%E5%8C%BB%E9%99%A2%E5%88%97%E8%A1%A8
广东省,广州市,/w/%E5%B9%BF%E5%B7%9E%E5%B8%82%E5%8C%BB%E9%99%A2%E5%88%97%E8%A1%A8
广东省,深圳市,/w/%E6%B7%B1%E5%9C%B3%E5%B8%82%E5%8C%BB%E9%99%A2%E5%88%97%E8%A1%A8
广东省,惠州市,/w/%E6%83%A0%E5%B7%9E%E5%B8%82%E5%8C%BB%E9%99%A2%E5%88%97%E8%A1%A8
广东省,佛山市,/w/%E4%BD%9B%E5%B1%B1%E5%B8%82%E5%8C%BB%E9%99%A2%E5%88%97%E8%A1%A8
广东省,梅州市,/w/%E6%A2%85%E5%B7%9E%E5%B8%82%E5%8C%BB%E9%99%A2%E5%88%97%E8%A1%A8
广东省,肇庆市,/w/%E8%82%87%E5%BA%86%E5%B8%82%E5%8C%BB%E9%99%A2%E5%88%97%E8%A1%A8
广东省,韶关市,/w/%E9%9F%B6%E5%85%B3%E5%B8%82%E5%8C%BB%E9%99%A2%E5%88%97%E8%A1%A8
广东省,揭阳市,/w/%E6%8F%AD%E9%98%B3%E5%B8%82%E5%8C%BB%E9%99%A2%E5%88%97%E8%A1%A8
广东省,汕头市,/w/%E6%B1%95%E5%A4%B4%E5%B8%82%E5%8C%BB%E9%99%A2%E5%88%97%E8%A1%A8
广东省,东莞市,/w/%E4%B8%9C%E8%8E%9E%E5%B8%82%E5%8C%BB%E9%99%A2%E5%88%97%E8%A1%A8
广东省,湛江市,/w/%E6%B9%9B%E6%B1%9F%E5%B8%82%E5%8C%BB%E9%99%A2%E5%88%97%E8%A1%A8
广东省,中山市,/w/%E4%B8%AD%E5%B1%B1%E5%B8%82%E5%8C%BB%E9%99%A2%E5%88%97%E8%A1%A8
广东省,清远市,/w/%E6%B8%85%E8%BF%9C%E5%B8%82%E5%8C%BB%E9%99%A2%E5%88%97%E8%A1%A8
广东省,潮州市,/w/%E6%BD%AE%E5%B7%9E%E5%B8%82%E5%8C%BB%E9%99%A2%E5%88%97%E8%A1%A8
广东省,茂名市,/w/%E8%8C%82%E5%90%8D%E5%B8%82%E5%8C%BB%E9%99%A2%E5%88%97%E8%A1%A8
广东省,珠海市,/w/%E7%8F%A0%E6%B5%B7%E5%B8%82%E5%8C%BB%E9%99%A2%E5%88%97%E8%A1%A8
广东省,江门市,/w/%E6%B1%9F%E9%97%A8%E5%B8%82%E5%8C%BB%E9%99%A2%E5%88%97%E8%A1%A8
广东省,阳江市,/w/%E9%98%B3%E6%B1%9F%E5%B8%82%E5%8C%BB%E9%99%A2%E5%88%97%E8%A1%A8
广东省,河源市,/w/%E6%B2%B3%E6%BA%90%E5%B8%82%E5%8C%BB%E9%99%A2%E5%88%97%E8%A1%A8
广东省,汕尾市,/w/%E6%B1%95%E5%B0%BE%E5%B8%82%E5%8C%BB%E9%99%A2%E5%88%97%E8%A1%A8
广东省,云浮市,/w/%E4%BA%91%E6%B5%AE%E5%B8%82%E5%8C%BB%E9%99%A2%E5%88%97%E8%A1%A8
山东省,青岛市,/w/%E9%9D%92%E5%B2%9B%E5%B8%82%E5%8C%BB%E9%99%A2%E5%88%97%E8%A1%A8
山东省,济南市,/w/%E6%B5%8E%E5%8D%97%E5%B8%82%E5%8C%BB%E9%99%A2%E5%88%97%E8%A1%A8
山东省,济宁市,/w/%E6%B5%8E%E5%AE%81%E5%B8%82%E5%8C%BB%E9%99%A2%E5%88%97%E8%A1%A8
山东省,烟台市,/w/%E7%83%9F%E5%8F%B0%E5%B8%82%E5%8C%BB%E9%99%A2%E5%88%97%E8%A1%A8
山东省,潍坊市,/w/%E6%BD%8D%E5%9D%8A%E5%B8%82%E5%8C%BB%E9%99%A2%E5%88%97%E8%A1%A8
山东省,淄博市,/w/%E6%B7%84%E5%8D%9A%E5%B8%82%E5%8C%BB%E9%99%A2%E5%88%97%E8%A1%A8
山东省,临沂市,/w/%E4%B8%B4%E6%B2%82%E5%B8%82%E5%8C%BB%E9%99%A2%E5%88%97%E8%A1%A8
山东省,菏泽市,/w/%E8%8F%8F%E6%B3%BD%E5%B8%82%E5%8C%BB%E9%99%A2%E5%88%97%E8%A1%A8
山东省,枣庄市,/w/%E6%9E%A3%E5%BA%84%E5%B8%82%E5%8C%BB%E9%99%A2%E5%88%97%E8%A1%A8
山东省,泰安市,/w/%E6%B3%B0%E5%AE%89%E5%B8%82%E5%8C%BB%E9%99%A2%E5%88%97%E8%A1%A8
山东省,聊城市,/w/%E8%81%8A%E5%9F%8E%E5%B8%82%E5%8C%BB%E9%99%A2%E5%88%97%E8%A1%A8
山东省,东营市,/w/%E4%B8%9C%E8%90%A5%E5%B8%82%E5%8C%BB%E9%99%A2%E5%88%97%E8%A1%A8
山东省,威海市,/w/%E5%A8%81%E6%B5%B7%E5%B8%82%E5%8C%BB%E9%99%A2%E5%88%97%E8%A1%A8
山东省,德州市,/w/%E5%BE%B7%E5%B7%9E%E5%B8%82%E5%8C%BB%E9%99%A2%E5%88%97%E8%A1%A8
山东省,滨州市,/w/%E6%BB%A8%E5%B7%9E%E5%B8%82%E5%8C%BB%E9%99%A2%E5%88%97%E8%A1%A8
山东省,日照市,/w/%E6%97%A5%E7%85%A7%E5%B8%82%E5%8C%BB%E9%99%A2%E5%88%97%E8%A1%A8
山东省,莱芜市,/w/%E8%8E%B1%E8%8A%9C%E5%B8%82%E5%8C%BB%E9%99%A2%E5%88%97%E8%A1%A8
辽宁省,沈阳市,/w/%E6%B2%88%E9%98%B3%E5%B8%82%E5%8C%BB%E9%99%A2%E5%88%97%E8%A1%A8
辽宁省,大连市,/w/%E5%A4%A7%E8%BF%9E%E5%B8%82%E5%8C%BB%E9%99%A2%E5%88%97%E8%A1%A8
辽宁省,锦州市,/w/%E9%94%A6%E5%B7%9E%E5%B8%82%E5%8C%BB%E9%99%A2%E5%88%97%E8%A1%A8
辽宁省,鞍山市,/w/%E9%9E%8D%E5%B1%B1%E5%B8%82%E5%8C%BB%E9%99%A2%E5%88%97%E8%A1%A8
辽宁省,抚顺市,/w/%E6%8A%9A%E9%A1%BA%E5%B8%82%E5%8C%BB%E9%99%A2%E5%88%97%E8%A1%A8
辽宁省,丹东市,/w/%E4%B8%B9%E4%B8%9C%E5%B8%82%E5%8C%BB%E9%99%A2%E5%88%97%E8%A1%A8
辽宁省,朝阳市,/w/%E6%9C%9D%E9%98%B3%E5%B8%82%E5%8C%BB%E9%99%A2%E5%88%97%E8%A1%A8
辽宁省,营口市,/w/%E8%90%A5%E5%8F%A3%E5%B8%82%E5%8C%BB%E9%99%A2%E5%88%97%E8%A1%A8
辽宁省,葫芦岛市,/w/%E8%91%AB%E8%8A%A6%E5%B2%9B%E5%B8%82%E5%8C%BB%E9%99%A2%E5%88%97%E8%A1%A8
辽宁省,阜新市,/w/%E9%98%9C%E6%96%B0%E5%B8%82%E5%8C%BB%E9%99%A2%E5%88%97%E8%A1%A8
辽宁省,辽阳市,/w/%E8%BE%BD%E9%98%B3%E5%B8%82%E5%8C%BB%E9%99%A2%E5%88%97%E8%A1%A8
辽宁省,铁岭市,/w/%E9%93%81%E5%B2%AD%E5%B8%82%E5%8C%BB%E9%99%A2%E5%88%97%E8%A1%A8
辽宁省,本溪市,/w/%E6%9C%AC%E6%BA%AA%E5%B8%82%E5%8C%BB%E9%99%A2%E5%88%97%E8%A1%A8
辽宁省,盘锦市,/w/%E7%9B%98%E9%94%A6%E5%B8%82%E5%8C%BB%E9%99%A2%E5%88%97%E8%A1%A8
河北省,石家庄市,/w/%E7%9F%B3%E5%AE%B6%E5%BA%84%E5%B8%82%E5%8C%BB%E9%99%A2%E5%88%97%E8%A1%A8
河北省,唐山市,/w/%E5%94%90%E5%B1%B1%E5%B8%82%E5%8C%BB%E9%99%A2%E5%88%97%E8%A1%A8
河北省,保定市,/w/%E4%BF%9D%E5%AE%9A%E5%B8%82%E5%8C%BB%E9%99%A2%E5%88%97%E8%A1%A8
河北省,邯郸市,/w/%E9%82%AF%E9%83%B8%E5%B8%82%E5%8C%BB%E9%99%A2%E5%88%97%E8%A1%A8
河北省,邢台市,/w/%E9%82%A2%E5%8F%B0%E5%B8%82%E5%8C%BB%E9%99%A2%E5%88%97%E8%A1%A8
河北省,沧州市,/w/%E6%B2%A7%E5%B7%9E%E5%B8%82%E5%8C%BB%E9%99%A2%E5%88%97%E8%A1%A8
河北省,张家口市,/w/%E5%BC%A0%E5%AE%B6%E5%8F%A3%E5%B8%82%E5%8C%BB%E9%99%A2%E5%88%97%E8%A1%A8
河北省,承德市,/w/%E6%89%BF%E5%BE%B7%E5%B8%82%E5%8C%BB%E9%99%A2%E5%88%97%E8%A1%A8
河北省,廊坊市,/w/%E5%BB%8A%E5%9D%8A%E5%B8%82%E5%8C%BB%E9%99%A2%E5%88%97%E8%A1%A8
河北省,衡水市,/w/%E8%A1%A1%E6%B0%B4%E5%B8%82%E5%8C%BB%E9%99%A2%E5%88%97%E8%A1%A8
河北省,秦皇岛市,/w/%E7%A7%A6%E7%9A%87%E5%B2%9B%E5%B8%82%E5%8C%BB%E9%99%A2%E5%88%97%E8%A1%A8
河南省,郑州市,/w/%E9%83%91%E5%B7%9E%E5%B8%82%E5%8C%BB%E9%99%A2%E5%88%97%E8%A1%A8
河南省,洛阳市,/w/%E6%B4%9B%E9%98%B3%E5%B8%82%E5%8C%BB%E9%99%A2%E5%88%97%E8%A1%A8
河南省,南阳市,/w/%E5%8D%97%E9%98%B3%E5%B8%82%E5%8C%BB%E9%99%A2%E5%88%97%E8%A1%A8
河南省,新乡市,/w/%E6%96%B0%E4%B9%A1%E5%B8%82%E5%8C%BB%E9%99%A2%E5%88%97%E8%A1%A8
河南省,焦作市,/w/%E7%84%A6%E4%BD%9C%E5%B8%82%E5%8C%BB%E9%99%A2%E5%88%97%E8%A1%A8
河南省,周口市,/w/%E5%91%A8%E5%8F%A3%E5%B8%82%E5%8C%BB%E9%99%A2%E5%88%97%E8%A1%A8
河南省,平顶山市,/w/%E5%B9%B3%E9%A1%B6%E5%B1%B1%E5%B8%82%E5%8C%BB%E9%99%A2%E5%88%97%E8%A1%A8
河南省,开封市,/w/%E5%BC%80%E5%B0%81%E5%B8%82%E5%8C%BB%E9%99%A2%E5%88%97%E8%A1%A8
河南省,信阳市,/w/%E4%BF%A1%E9%98%B3%E5%B8%82%E5%8C%BB%E9%99%A2%E5%88%97%E8%A1%A8
河南省,商丘市,/w/%E5%95%86%E4%B8%98%E5%B8%82%E5%8C%BB%E9%99%A2%E5%88%97%E8%A1%A8
河南省,安阳市,/w/%E5%AE%89%E9%98%B3%E5%B8%82%E5%8C%BB%E9%99%A2%E5%88%97%E8%A1%A8
河南省,许昌市,/w/%E8%AE%B8%E6%98%8C%E5%B8%82%E5%8C%BB%E9%99%A2%E5%88%97%E8%A1%A8
河南省,三门峡市,/w/%E4%B8%89%E9%97%A8%E5%B3%A1%E5%B8%82%E5%8C%BB%E9%99%A2%E5%88%97%E8%A1%A8
河南省,驻马店市,/w/%E9%A9%BB%E9%A9%AC%E5%BA%97%E5%B8%82%E5%8C%BB%E9%99%A2%E5%88%97%E8%A1%A8
河南省,漯河市,/w/%E6%BC%AF%E6%B2%B3%E5%B8%82%E5%8C%BB%E9%99%A2%E5%88%97%E8%A1%A8
河南省,濮阳市,/w/%E6%BF%AE%E9%98%B3%E5%B8%82%E5%8C%BB%E9%99%A2%E5%88%97%E8%A1%A8
河南省,鹤壁市,/w/%E9%B9%A4%E5%A3%81%E5%B8%82%E5%8C%BB%E9%99%A2%E5%88%97%E8%A1%A8
河南省,济源市,/w/%E6%B5%8E%E6%BA%90%E5%B8%82%E5%8C%BB%E9%99%A2%E5%88%97%E8%A1%A8
四川省,成都市,/w/%E6%88%90%E9%83%BD%E5%B8%82%E5%8C%BB%E9%99%A2%E5%88%97%E8%A1%A8
四川省,绵阳市,/w/%E7%BB%B5%E9%98%B3%E5%B8%82%E5%8C%BB%E9%99%A2%E5%88%97%E8%A1%A8
四川省,乐山市,/w/%E4%B9%90%E5%B1%B1%E5%B8%82%E5%8C%BB%E9%99%A2%E5%88%97%E8%A1%A8
四川省,南充市,/w/%E5%8D%97%E5%85%85%E5%B8%82%E5%8C%BB%E9%99%A2%E5%88%97%E8%A1%A8
四川省,宜宾市,/w/%E5%AE%9C%E5%AE%BE%E5%B8%82%E5%8C%BB%E9%99%A2%E5%88%97%E8%A1%A8
四川省,甘孜藏族自治州,/w/%E7%94%98%E5%AD%9C%E8%97%8F%E6%97%8F%E8%87%AA%E6%B2%BB%E5%B7%9E%E5%8C%BB%E9%99%A2%E5%88%97%E8%A1%A8
四川省,广元市,/w/%E5%B9%BF%E5%85%83%E5%B8%82%E5%8C%BB%E9%99%A2%E5%88%97%E8%A1%A8
四川省,凉山彝族自治州,/w/%E5%87%89%E5%B1%B1%E5%BD%9D%E6%97%8F%E8%87%AA%E6%B2%BB%E5%B7%9E%E5%8C%BB%E9%99%A2%E5%88%97%E8%A1%A8
四川省,达州市,/w/%E8%BE%BE%E5%B7%9E%E5%B8%82%E5%8C%BB%E9%99%A2%E5%88%97%E8%A1%A8
四川省,自贡市,/w/%E8%87%AA%E8%B4%A1%E5%B8%82%E5%8C%BB%E9%99%A2%E5%88%97%E8%A1%A8
四川省,德阳市,/w/%E5%BE%B7%E9%98%B3%E5%B8%82%E5%8C%BB%E9%99%A2%E5%88%97%E8%A1%A8
四川省,攀枝花市,/w/%E6%94%80%E6%9E%9D%E8%8A%B1%E5%B8%82%E5%8C%BB%E9%99%A2%E5%88%97%E8%A1%A8
四川省,泸州市,/w/%E6%B3%B8%E5%B7%9E%E5%B8%82%E5%8C%BB%E9%99%A2%E5%88%97%E8%A1%A8
四川省,雅安市,/w/%E9%9B%85%E5%AE%89%E5%B8%82%E5%8C%BB%E9%99%A2%E5%88%97%E8%A1%A8
四川省,内江市,/w/%E5%86%85%E6%B1%9F%E5%B8%82%E5%8C%BB%E9%99%A2%E5%88%97%E8%A1%A8
四川省,阿坝藏族羌族自治州,/w/%E9%98%BF%E5%9D%9D%E8%97%8F%E6%97%8F%E7%BE%8C%E6%97%8F%E8%87%AA%E6%B2%BB%E5%B7%9E%E5%8C%BB%E9%99%A2%E5%88%97%E8%A1%A8
四川省,遂宁市,/w/%E9%81%82%E5%AE%81%E5%B8%82%E5%8C%BB%E9%99%A2%E5%88%97%E8%A1%A8
四川省,巴中市,/w/%E5%B7%B4%E4%B8%AD%E5%B8%82%E5%8C%BB%E9%99%A2%E5%88%97%E8%A1%A8
四川省,资阳市,/w/%E8%B5%84%E9%98%B3%E5%B8%82%E5%8C%BB%E9%99%A2%E5%88%97%E8%A1%A8
四川省,广安市,/w/%E5%B9%BF%E5%AE%89%E5%B8%82%E5%8C%BB%E9%99%A2%E5%88%97%E8%A1%A8
四川省,眉山市,/w/%E7%9C%89%E5%B1%B1%E5%B8%82%E5%8C%BB%E9%99%A2%E5%88%97%E8%A1%A8
黑龙江省,哈尔滨市,/w/%E5%93%88%E5%B0%94%E6%BB%A8%E5%B8%82%E5%8C%BB%E9%99%A2%E5%88%97%E8%A1%A8
黑龙江省,齐齐哈尔市,/w/%E9%BD%90%E9%BD%90%E5%93%88%E5%B0%94%E5%B8%82%E5%8C%BB%E9%99%A2%E5%88%97%E8%A1%A8
黑龙江省,牡丹江市,/w/%E7%89%A1%E4%B8%B9%E6%B1%9F%E5%B8%82%E5%8C%BB%E9%99%A2%E5%88%97%E8%A1%A8
黑龙江省,绥化市,/w/%E7%BB%A5%E5%8C%96%E5%B8%82%E5%8C%BB%E9%99%A2%E5%88%97%E8%A1%A8
黑龙江省,大庆市,/w/%E5%A4%A7%E5%BA%86%E5%B8%82%E5%8C%BB%E9%99%A2%E5%88%97%E8%A1%A8
黑龙江省,佳木斯市,/w/%E4%BD%B3%E6%9C%A8%E6%96%AF%E5%B8%82%E5%8C%BB%E9%99%A2%E5%88%97%E8%A1%A8
黑龙江省,鸡西市,/w/%E9%B8%A1%E8%A5%BF%E5%B8%82%E5%8C%BB%E9%99%A2%E5%88%97%E8%A1%A8
黑龙江省,伊春市,/w/%E4%BC%8A%E6%98%A5%E5%B8%82%E5%8C%BB%E9%99%A2%E5%88%97%E8%A1%A8
黑龙江省,黑河市,/w/%E9%BB%91%E6%B2%B3%E5%B8%82%E5%8C%BB%E9%99%A2%E5%88%97%E8%A1%A8
黑龙江省,双鸭山市,/w/%E5%8F%8C%E9%B8%AD%E5%B1%B1%E5%B8%82%E5%8C%BB%E9%99%A2%E5%88%97%E8%A1%A8
黑龙江省,鹤岗市,/w/%E9%B9%A4%E5%B2%97%E5%B8%82%E5%8C%BB%E9%99%A2%E5%88%97%E8%A1%A8
黑龙江省,大兴安岭地区,/w/%E9%BB%91%E9%BE%99%E6%B1%9F%E7%9C%81%E5%A4%A7%E5%85%B4%E5%AE%89%E5%B2%AD%E5%9C%B0%E5%8C%BA%E5%8C%BB%E9%99%A2%E5%88%97%E8%A1%A8
黑龙江省,七台河市,/w/%E4%B8%83%E5%8F%B0%E6%B2%B3%E5%B8%82%E5%8C%BB%E9%99%A2%E5%88%97%E8%A1%A8
山西省,太原市,/w/%E5%A4%AA%E5%8E%9F%E5%B8%82%E5%8C%BB%E9%99%A2%E5%88%97%E8%A1%A8
山西省,运城市,/w/%E8%BF%90%E5%9F%8E%E5%B8%82%E5%8C%BB%E9%99%A2%E5%88%97%E8%A1%A8
山西省,临汾市,/w/%E4%B8%B4%E6%B1%BE%E5%B8%82%E5%8C%BB%E9%99%A2%E5%88%97%E8%A1%A8
山西省,大同市,/w/%E5%A4%A7%E5%90%8C%E5%B8%82%E5%8C%BB%E9%99%A2%E5%88%97%E8%A1%A8
山西省,忻州市,/w/%E5%BF%BB%E5%B7%9E%E5%B8%82%E5%8C%BB%E9%99%A2%E5%88%97%E8%A1%A8
山西省,晋中市,/w/%E6%99%8B%E4%B8%AD%E5%B8%82%E5%8C%BB%E9%99%A2%E5%88%97%E8%A1%A8
山西省,长治市,/w/%E9%95%BF%E6%B2%BB%E5%B8%82%E5%8C%BB%E9%99%A2%E5%88%97%E8%A1%A8
山西省,吕梁地区,/w/%E5%B1%B1%E8%A5%BF%E7%9C%81%E5%90%95%E6%A2%81%E5%9C%B0%E5%8C%BA%E5%8C%BB%E9%99%A2%E5%88%97%E8%A1%A8
山西省,晋城市,/w/%E6%99%8B%E5%9F%8E%E5%B8%82%E5%8C%BB%E9%99%A2%E5%88%97%E8%A1%A8
山西省,阳泉市,/w/%E9%98%B3%E6%B3%89%E5%B8%82%E5%8C%BB%E9%99%A2%E5%88%97%E8%A1%A8
山西省,朔州市,/w/%E6%9C%94%E5%B7%9E%E5%B8%82%E5%8C%BB%E9%99%A2%E5%88%97%E8%A1%A8
湖北省,武汉市,/w/%E6%AD%A6%E6%B1%89%E5%B8%82%E5%8C%BB%E9%99%A2%E5%88%97%E8%A1%A8
湖北省,襄樊市,/w/%E8%A5%84%E6%A8%8A%E5%B8%82%E5%8C%BB%E9%99%A2%E5%88%97%E8%A1%A8
湖北省,宜昌市,/w/%E5%AE%9C%E6%98%8C%E5%B8%82%E5%8C%BB%E9%99%A2%E5%88%97%E8%A1%A8
湖北省,荆州市,/w/%E8%8D%86%E5%B7%9E%E5%B8%82%E5%8C%BB%E9%99%A2%E5%88%97%E8%A1%A8
湖北省,黄石市,/w/%E9%BB%84%E7%9F%B3%E5%B8%82%E5%8C%BB%E9%99%A2%E5%88%97%E8%A1%A8
湖北省,黄冈市,/w/%E9%BB%84%E5%86%88%E5%B8%82%E5%8C%BB%E9%99%A2%E5%88%97%E8%A1%A8
湖北省,孝感市,/w/%E5%AD%9D%E6%84%9F%E5%B8%82%E5%8C%BB%E9%99%A2%E5%88%97%E8%A1%A8
湖北省,十堰市,/w/%E5%8D%81%E5%A0%B0%E5%B8%82%E5%8C%BB%E9%99%A2%E5%88%97%E8%A1%A8
湖北省,咸宁市,/w/%E5%92%B8%E5%AE%81%E5%B8%82%E5%8C%BB%E9%99%A2%E5%88%97%E8%A1%A8
湖北省,恩施土家族苗族自治州,/w/%E6%81%A9%E6%96%BD%E5%9C%9F%E5%AE%B6%E6%97%8F%E8%8B%97%E6%97%8F%E8%87%AA%E6%B2%BB%E5%B7%9E%E5%8C%BB%E9%99%A2%E5%88%97%E8%A1%A8
湖北省,荆门市,/w/%E8%8D%86%E9%97%A8%E5%B8%82%E5%8C%BB%E9%99%A2%E5%88%97%E8%A1%A8
湖北省,随州市,/w/%E9%9A%8F%E5%B7%9E%E5%B8%82%E5%8C%BB%E9%99%A2%E5%88%97%E8%A1%A8
湖北省,鄂州市,/w/%E9%84%82%E5%B7%9E%E5%B8%82%E5%8C%BB%E9%99%A2%E5%88%97%E8%A1%A8
湖北省,天门市,/w/%E5%A4%A9%E9%97%A8%E5%B8%82%E5%8C%BB%E9%99%A2%E5%88%97%E8%A1%A8
湖北省,仙桃市,/w/%E4%BB%99%E6%A1%83%E5%B8%82%E5%8C%BB%E9%99%A2%E5%88%97%E8%A1%A8
湖北省,潜江市,/w/%E6%BD%9C%E6%B1%9F%E5%B8%82%E5%8C%BB%E9%99%A2%E5%88%97%E8%A1%A8
湖北省,神农架林区,/w/%E6%B9%96%E5%8C%97%E7%9C%81%E7%A5%9E%E5%86%9C%E6%9E%B6%E6%9E%97%E5%8C%BA%E5%8C%BB%E9%99%A2%E5%88%97%E8%A1%A8
湖南省,长沙市,/w/%E9%95%BF%E6%B2%99%E5%B8%82%E5%8C%BB%E9%99%A2%E5%88%97%E8%A1%A8
湖南省,衡阳市,/w/%E8%A1%A1%E9%98%B3%E5%B8%82%E5%8C%BB%E9%99%A2%E5%88%97%E8%A1%A8
湖南省,湘潭市,/w/%E6%B9%98%E6%BD%AD%E5%B8%82%E5%8C%BB%E9%99%A2%E5%88%97%E8%A1%A8
湖南省,株洲市,/w/%E6%A0%AA%E6%B4%B2%E5%B8%82%E5%8C%BB%E9%99%A2%E5%88%97%E8%A1%A8
湖南省,永州市,/w/%E6%B0%B8%E5%B7%9E%E5%B8%82%E5%8C%BB%E9%99%A2%E5%88%97%E8%A1%A8
湖南省,邵阳市,/w/%E9%82%B5%E9%98%B3%E5%B8%82%E5%8C%BB%E9%99%A2%E5%88%97%E8%A1%A8
湖南省,岳阳市,/w/%E5%B2%B3%E9%98%B3%E5%B8%82%E5%8C%BB%E9%99%A2%E5%88%97%E8%A1%A8
湖南省,郴州市,/w/%E9%83%B4%E5%B7%9E%E5%B8%82%E5%8C%BB%E9%99%A2%E5%88%97%E8%A1%A8
湖南省,怀化市,/w/%E6%80%80%E5%8C%96%E5%B8%82%E5%8C%BB%E9%99%A2%E5%88%97%E8%A1%A8
湖南省,益阳市,/w/%E7%9B%8A%E9%98%B3%E5%B8%82%E5%8C%BB%E9%99%A2%E5%88%97%E8%A1%A8
湖南省,常德市,/w/%E5%B8%B8%E5%BE%B7%E5%B8%82%E5%8C%BB%E9%99%A2%E5%88%97%E8%A1%A8
湖南省,娄底市,/w/%E5%A8%84%E5%BA%95%E5%B8%82%E5%8C%BB%E9%99%A2%E5%88%97%E8%A1%A8
湖南省,湘西土家族苗族自治州,/w/%E6%B9%98%E8%A5%BF%E5%9C%9F%E5%AE%B6%E6%97%8F%E8%8B%97%E6%97%8F%E8%87%AA%E6%B2%BB%E5%B7%9E%E5%8C%BB%E9%99%A2%E5%88%97%E8%A1%A8
湖南省,张家界市,/w/%E5%BC%A0%E5%AE%B6%E7%95%8C%E5%B8%82%E5%8C%BB%E9%99%A2%E5%88%97%E8%A1%A8
陕西省,西安市,/w/%E8%A5%BF%E5%AE%89%E5%B8%82%E5%8C%BB%E9%99%A2%E5%88%97%E8%A1%A8
陕西省,渭南市,/w/%E6%B8%AD%E5%8D%97%E5%B8%82%E5%8C%BB%E9%99%A2%E5%88%97%E8%A1%A8
陕西省,咸阳市,/w/%E5%92%B8%E9%98%B3%E5%B8%82%E5%8C%BB%E9%99%A2%E5%88%97%E8%A1%A8
陕西省,宝鸡市,/w/%E5%AE%9D%E9%B8%A1%E5%B8%82%E5%8C%BB%E9%99%A2%E5%88%97%E8%A1%A8
陕西省,汉中市,/w/%E6%B1%89%E4%B8%AD%E5%B8%82%E5%8C%BB%E9%99%A2%E5%88%97%E8%A1%A8
陕西省,延安市,/w/%E5%BB%B6%E5%AE%89%E5%B8%82%E5%8C%BB%E9%99%A2%E5%88%97%E8%A1%A8
陕西省,榆林市,/w/%E6%A6%86%E6%9E%97%E5%B8%82%E5%8C%BB%E9%99%A2%E5%88%97%E8%A1%A8
陕西省,安康市,/w/%E5%AE%89%E5%BA%B7%E5%B8%82%E5%8C%BB%E9%99%A2%E5%88%97%E8%A1%A8
陕西省,商洛市,/w/%E5%95%86%E6%B4%9B%E5%B8%82%E5%8C%BB%E9%99%A2%E5%88%97%E8%A1%A8
陕西省,铜川市,/w/%E9%93%9C%E5%B7%9D%E5%B8%82%E5%8C%BB%E9%99%A2%E5%88%97%E8%A1%A8
浙江省,杭州市,/w/%E6%9D%AD%E5%B7%9E%E5%B8%82%E5%8C%BB%E9%99%A2%E5%88%97%E8%A1%A8
浙江省,宁波市,/w/%E5%AE%81%E6%B3%A2%E5%B8%82%E5%8C%BB%E9%99%A2%E5%88%97%E8%A1%A8
浙江省,温州市,/w/%E6%B8%A9%E5%B7%9E%E5%B8%82%E5%8C%BB%E9%99%A2%E5%88%97%E8%A1%A8
浙江省,金华市,/w/%E9%87%91%E5%8D%8E%E5%B8%82%E5%8C%BB%E9%99%A2%E5%88%97%E8%A1%A8
浙江省,台州市,/w/%E5%8F%B0%E5%B7%9E%E5%B8%82%E5%8C%BB%E9%99%A2%E5%88%97%E8%A1%A8
浙江省,绍兴市,/w/%E7%BB%8D%E5%85%B4%E5%B8%82%E5%8C%BB%E9%99%A2%E5%88%97%E8%A1%A8
浙江省,嘉兴市,/w/%E5%98%89%E5%85%B4%E5%B8%82%E5%8C%BB%E9%99%A2%E5%88%97%E8%A1%A8
浙江省,衢州市,/w/%E8%A1%A2%E5%B7%9E%E5%B8%82%E5%8C%BB%E9%99%A2%E5%88%97%E8%A1%A8
浙江省,丽水市,/w/%E4%B8%BD%E6%B0%B4%E5%B8%82%E5%8C%BB%E9%99%A2%E5%88%97%E8%A1%A8
浙江省,湖州市,/w/%E6%B9%96%E5%B7%9E%E5%B8%82%E5%8C%BB%E9%99%A2%E5%88%97%E8%A1%A8
浙江省,舟山市,/w/%E8%88%9F%E5%B1%B1%E5%B8%82%E5%8C%BB%E9%99%A2%E5%88%97%E8%A1%A8
云南省,昆明市,/w/%E6%98%86%E6%98%8E%E5%B8%82%E5%8C%BB%E9%99%A2%E5%88%97%E8%A1%A8
云南省,红河哈尼族彝族自治州,/w/%E7%BA%A2%E6%B2%B3%E5%93%88%E5%B0%BC%E6%97%8F%E5%BD%9D%E6%97%8F%E8%87%AA%E6%B2%BB%E5%B7%9E%E5%8C%BB%E9%99%A2%E5%88%97%E8%A1%A8
云南省,大理白族自治州,/w/%E5%A4%A7%E7%90%86%E7%99%BD%E6%97%8F%E8%87%AA%E6%B2%BB%E5%B7%9E%E5%8C%BB%E9%99%A2%E5%88%97%E8%A1%A8
云南省,曲靖市,/w/%E6%9B%B2%E9%9D%96%E5%B8%82%E5%8C%BB%E9%99%A2%E5%88%97%E8%A1%A8
云南省,昭通市,/w/%E6%98%AD%E9%80%9A%E5%B8%82%E5%8C%BB%E9%99%A2%E5%88%97%E8%A1%A8
云南省,玉溪市,/w/%E7%8E%89%E6%BA%AA%E5%B8%82%E5%8C%BB%E9%99%A2%E5%88%97%E8%A1%A8
云南省,楚雄彝族自治州,/w/%E6%A5%9A%E9%9B%84%E5%BD%9D%E6%97%8F%E8%87%AA%E6%B2%BB%E5%B7%9E%E5%8C%BB%E9%99%A2%E5%88%97%E8%A1%A8
云南省,思茅地区,/w/%E4%BA%91%E5%8D%97%E7%9C%81%E6%80%9D%E8%8C%85%E5%9C%B0%E5%8C%BA%E5%8C%BB%E9%99%A2%E5%88%97%E8%A1%A8
云南省,文山壮族苗族自治州,/w/%E6%96%87%E5%B1%B1%E5%A3%AE%E6%97%8F%E8%8B%97%E6%97%8F%E8%87%AA%E6%B2%BB%E5%B7%9E%E5%8C%BB%E9%99%A2%E5%88%97%E8%A1%A8
云南省,临沧地区,/w/%E4%BA%91%E5%8D%97%E7%9C%81%E4%B8%B4%E6%B2%A7%E5%9C%B0%E5%8C%BA%E5%8C%BB%E9%99%A2%E5%88%97%E8%A1%A8
云南省,保山市,/w/%E4%BF%9D%E5%B1%B1%E5%B8%82%E5%8C%BB%E9%99%A2%E5%88%97%E8%A1%A8
云南省,德宏傣族景颇族自治州,/w/%E5%BE%B7%E5%AE%8F%E5%82%A3%E6%97%8F%E6%99%AF%E9%A2%87%E6%97%8F%E8%87%AA%E6%B2%BB%E5%B7%9E%E5%8C%BB%E9%99%A2%E5%88%97%E8%A1%A8
云南省,丽江地区,/w/%E4%BA%91%E5%8D%97%E7%9C%81%E4%B8%BD%E6%B1%9F%E5%9C%B0%E5%8C%BA%E5%8C%BB%E9%99%A2%E5%88%97%E8%A1%A8
云南省,西双版纳傣族自治州,/w/%E8%A5%BF%E5%8F%8C%E7%89%88%E7%BA%B3%E5%82%A3%E6%97%8F%E8%87%AA%E6%B2%BB%E5%B7%9E%E5%8C%BB%E9%99%A2%E5%88%97%E8%A1%A8
云南省,怒江傈僳族自治州,/w/%E6%80%92%E6%B1%9F%E5%82%88%E5%83%B3%E6%97%8F%E8%87%AA%E6%B2%BB%E5%B7%9E%E5%8C%BB%E9%99%A2%E5%88%97%E8%A1%A8
云南省,迪庆藏族自治州,/w/%E8%BF%AA%E5%BA%86%E8%97%8F%E6%97%8F%E8%87%AA%E6%B2%BB%E5%B7%9E%E5%8C%BB%E9%99%A2%E5%88%97%E8%A1%A8
吉林省,长春市,/w/%E9%95%BF%E6%98%A5%E5%B8%82%E5%8C%BB%E9%99%A2%E5%88%97%E8%A1%A8
吉林省,延边朝鲜族自治州,/w/%E5%BB%B6%E8%BE%B9%E6%9C%9D%E9%B2%9C%E6%97%8F%E8%87%AA%E6%B2%BB%E5%B7%9E%E5%8C%BB%E9%99%A2%E5%88%97%E8%A1%A8
吉林省,吉林市,/w/%E5%90%89%E6%9E%97%E5%B8%82%E5%8C%BB%E9%99%A2%E5%88%97%E8%A1%A8
吉林省,通化市,/w/%E9%80%9A%E5%8C%96%E5%B8%82%E5%8C%BB%E9%99%A2%E5%88%97%E8%A1%A8
吉林省,四平市,/w/%E5%9B%9B%E5%B9%B3%E5%B8%82%E5%8C%BB%E9%99%A2%E5%88%97%E8%A1%A8
吉林省,白城市,/w/%E7%99%BD%E5%9F%8E%E5%B8%82%E5%8C%BB%E9%99%A2%E5%88%97%E8%A1%A8
吉林省,辽源市,/w/%E8%BE%BD%E6%BA%90%E5%B8%82%E5%8C%BB%E9%99%A2%E5%88%97%E8%A1%A8
吉林省,白山市,/w/%E7%99%BD%E5%B1%B1%E5%B8%82%E5%8C%BB%E9%99%A2%E5%88%97%E8%A1%A8
吉林省,松原市,/w/%E6%9D%BE%E5%8E%9F%E5%B8%82%E5%8C%BB%E9%99%A2%E5%88%97%E8%A1%A8
安徽省,合肥市,/w/%E5%90%88%E8%82%A5%E5%B8%82%E5%8C%BB%E9%99%A2%E5%88%97%E8%A1%A8
安徽省,淮南市,/w/%E6%B7%AE%E5%8D%97%E5%B8%82%E5%8C%BB%E9%99%A2%E5%88%97%E8%A1%A8
安徽省,安庆市,/w/%E5%AE%89%E5%BA%86%E5%B8%82%E5%8C%BB%E9%99%A2%E5%88%97%E8%A1%A8
安徽省,阜阳市,/w/%E9%98%9C%E9%98%B3%E5%B8%82%E5%8C%BB%E9%99%A2%E5%88%97%E8%A1%A8
安徽省,宣城市,/w/%E5%AE%A3%E5%9F%8E%E5%B8%82%E5%8C%BB%E9%99%A2%E5%88%97%E8%A1%A8
安徽省,芜湖市,/w/%E8%8A%9C%E6%B9%96%E5%B8%82%E5%8C%BB%E9%99%A2%E5%88%97%E8%A1%A8
安徽省,蚌埠市,/w/%E8%9A%8C%E5%9F%A0%E5%B8%82%E5%8C%BB%E9%99%A2%E5%88%97%E8%A1%A8
安徽省,六安市,/w/%E5%85%AD%E5%AE%89%E5%B8%82%E5%8C%BB%E9%99%A2%E5%88%97%E8%A1%A8
安徽省,滁州市,/w/%E6%BB%81%E5%B7%9E%E5%B8%82%E5%8C%BB%E9%99%A2%E5%88%97%E8%A1%A8
安徽省,淮北市,/w/%E6%B7%AE%E5%8C%97%E5%B8%82%E5%8C%BB%E9%99%A2%E5%88%97%E8%A1%A8
安徽省,宿州市,/w/%E5%AE%BF%E5%B7%9E%E5%B8%82%E5%8C%BB%E9%99%A2%E5%88%97%E8%A1%A8
安徽省,黄山市,/w/%E9%BB%84%E5%B1%B1%E5%B8%82%E5%8C%BB%E9%99%A2%E5%88%97%E8%A1%A8
安徽省,巢湖市,/w/%E5%B7%A2%E6%B9%96%E5%B8%82%E5%8C%BB%E9%99%A2%E5%88%97%E8%A1%A8
安徽省,铜陵市,/w/%E9%93%9C%E9%99%B5%E5%B8%82%E5%8C%BB%E9%99%A2%E5%88%97%E8%A1%A8
安徽省,马鞍山市,/w/%E9%A9%AC%E9%9E%8D%E5%B1%B1%E5%B8%82%E5%8C%BB%E9%99%A2%E5%88%97%E8%A1%A8
安徽省,亳州市,/w/%E4%BA%B3%E5%B7%9E%E5%B8%82%E5%8C%BB%E9%99%A2%E5%88%97%E8%A1%A8
安徽省,池州市,/w/%E6%B1%A0%E5%B7%9E%E5%B8%82%E5%8C%BB%E9%99%A2%E5%88%97%E8%A1%A8
广西壮族自治区,南宁市,/w/%E5%8D%97%E5%AE%81%E5%B8%82%E5%8C%BB%E9%99%A2%E5%88%97%E8%A1%A8
广西壮族自治区,柳州市,/w/%E6%9F%B3%E5%B7%9E%E5%B8%82%E5%8C%BB%E9%99%A2%E5%88%97%E8%A1%A8
广西壮族自治区,桂林市,/w/%E6%A1%82%E6%9E%97%E5%B8%82%E5%8C%BB%E9%99%A2%E5%88%97%E8%A1%A8
广西壮族自治区,百色市,/w/%E7%99%BE%E8%89%B2%E5%B8%82%E5%8C%BB%E9%99%A2%E5%88%97%E8%A1%A8
广西壮族自治区,河池市,/w/%E6%B2%B3%E6%B1%A0%E5%B8%82%E5%8C%BB%E9%99%A2%E5%88%97%E8%A1%A8
广西壮族自治区,玉林市,/w/%E7%8E%89%E6%9E%97%E5%B8%82%E5%8C%BB%E9%99%A2%E5%88%97%E8%A1%A8
广西壮族自治区,梧州市,/w/%E6%A2%A7%E5%B7%9E%E5%B8%82%E5%8C%BB%E9%99%A2%E5%88%97%E8%A1%A8
广西壮族自治区,崇左市,/w/%E5%B4%87%E5%B7%A6%E5%B8%82%E5%8C%BB%E9%99%A2%E5%88%97%E8%A1%A8
广西壮族自治区,贵港市,/w/%E8%B4%B5%E6%B8%AF%E5%B8%82%E5%8C%BB%E9%99%A2%E5%88%97%E8%A1%A8
广西壮族自治区,来宾市,/w/%E6%9D%A5%E5%AE%BE%E5%B8%82%E5%8C%BB%E9%99%A2%E5%88%97%E8%A1%A8
广西壮族自治区,北海市,/w/%E5%8C%97%E6%B5%B7%E5%B8%82%E5%8C%BB%E9%99%A2%E5%88%97%E8%A1%A8
广西壮族自治区,钦州市,/w/%E9%92%A6%E5%B7%9E%E5%B8%82%E5%8C%BB%E9%99%A2%E5%88%97%E8%A1%A8
广西壮族自治区,贺州市,/w/%E8%B4%BA%E5%B7%9E%E5%B8%82%E5%8C%BB%E9%99%A2%E5%88%97%E8%A1%A8
广西壮族自治区,防城港市,/w/%E9%98%B2%E5%9F%8E%E6%B8%AF%E5%B8%82%E5%8C%BB%E9%99%A2%E5%88%97%E8%A1%A8
江西省,南昌市,/w/%E5%8D%97%E6%98%8C%E5%B8%82%E5%8C%BB%E9%99%A2%E5%88%97%E8%A1%A8
江西省,赣州市,/w/%E8%B5%A3%E5%B7%9E%E5%B8%82%E5%8C%BB%E9%99%A2%E5%88%97%E8%A1%A8
江西省,上饶市,/w/%E4%B8%8A%E9%A5%B6%E5%B8%82%E5%8C%BB%E9%99%A2%E5%88%97%E8%A1%A8
江西省,吉安市,/w/%E5%90%89%E5%AE%89%E5%B8%82%E5%8C%BB%E9%99%A2%E5%88%97%E8%A1%A8
江西省,九江市,/w/%E4%B9%9D%E6%B1%9F%E5%B8%82%E5%8C%BB%E9%99%A2%E5%88%97%E8%A1%A8
江西省,宜春市,/w/%E5%AE%9C%E6%98%A5%E5%B8%82%E5%8C%BB%E9%99%A2%E5%88%97%E8%A1%A8
江西省,抚州市,/w/%E6%8A%9A%E5%B7%9E%E5%B8%82%E5%8C%BB%E9%99%A2%E5%88%97%E8%A1%A8
江西省,萍乡市,/w/%E8%90%8D%E4%B9%A1%E5%B8%82%E5%8C%BB%E9%99%A2%E5%88%97%E8%A1%A8
江西省,景德镇市,/w/%E6%99%AF%E5%BE%B7%E9%95%87%E5%B8%82%E5%8C%BB%E9%99%A2%E5%88%97%E8%A1%A8
江西省,鹰潭市,/w/%E9%B9%B0%E6%BD%AD%E5%B8%82%E5%8C%BB%E9%99%A2%E5%88%97%E8%A1%A8
江西省,新余市,/w/%E6%96%B0%E4%BD%99%E5%B8%82%E5%8C%BB%E9%99%A2%E5%88%97%E8%A1%A8
福建省,福州市,/w/%E7%A6%8F%E5%B7%9E%E5%B8%82%E5%8C%BB%E9%99%A2%E5%88%97%E8%A1%A8
福建省,泉州市,/w/%E6%B3%89%E5%B7%9E%E5%B8%82%E5%8C%BB%E9%99%A2%E5%88%97%E8%A1%A8
福建省,南平市,/w/%E5%8D%97%E5%B9%B3%E5%B8%82%E5%8C%BB%E9%99%A2%E5%88%97%E8%A1%A8
福建省,厦门市,/w/%E5%8E%A6%E9%97%A8%E5%B8%82%E5%8C%BB%E9%99%A2%E5%88%97%E8%A1%A8
福建省,漳州市,/w/%E6%BC%B3%E5%B7%9E%E5%B8%82%E5%8C%BB%E9%99%A2%E5%88%97%E8%A1%A8
福建省,三明市,/w/%E4%B8%89%E6%98%8E%E5%B8%82%E5%8C%BB%E9%99%A2%E5%88%97%E8%A1%A8
福建省,龙岩市,/w/%E9%BE%99%E5%B2%A9%E5%B8%82%E5%8C%BB%E9%99%A2%E5%88%97%E8%A1%A8
福建省,莆田市,/w/%E8%8E%86%E7%94%B0%E5%B8%82%E5%8C%BB%E9%99%A2%E5%88%97%E8%A1%A8
福建省,宁德市,/w/%E5%AE%81%E5%BE%B7%E5%B8%82%E5%8C%BB%E9%99%A2%E5%88%97%E8%A1%A8
新疆维吾尔自治区,乌鲁木齐市,/w/%E4%B9%8C%E9%B2%81%E6%9C%A8%E9%BD%90%E5%B8%82%E5%8C%BB%E9%99%A2%E5%88%97%E8%A1%A8
新疆维吾尔自治区,喀什地区,/w/%E6%96%B0%E7%96%86%E7%BB%B4%E5%90%BE%E5%B0%94%E8%87%AA%E6%B2%BB%E5%8C%BA%E5%96%80%E4%BB%80%E5%9C%B0%E5%8C%BA%E5%8C%BB%E9%99%A2%E5%88%97%E8%A1%A8
新疆维吾尔自治区,伊犁哈萨克自治州,/w/%E4%BC%8A%E7%8A%81%E5%93%88%E8%90%A8%E5%85%8B%E8%87%AA%E6%B2%BB%E5%B7%9E%E5%8C%BB%E9%99%A2%E5%88%97%E8%A1%A8
新疆维吾尔自治区,巴音郭楞蒙古自治州,/w/%E5%B7%B4%E9%9F%B3%E9%83%AD%E6%A5%9E%E8%92%99%E5%8F%A4%E8%87%AA%E6%B2%BB%E5%B7%9E%E5%8C%BB%E9%99%A2%E5%88%97%E8%A1%A8
新疆维吾尔自治区,昌吉回族自治州,/w/%E6%98%8C%E5%90%89%E5%9B%9E%E6%97%8F%E8%87%AA%E6%B2%BB%E5%B7%9E%E5%8C%BB%E9%99%A2%E5%88%97%E8%A1%A8
新疆维吾尔自治区,石河子市,/w/%E7%9F%B3%E6%B2%B3%E5%AD%90%E5%B8%82%E5%8C%BB%E9%99%A2%E5%88%97%E8%A1%A8
新疆维吾尔自治区,塔城地区,/w/%E6%96%B0%E7%96%86%E7%BB%B4%E5%90%BE%E5%B0%94%E8%87%AA%E6%B2%BB%E5%8C%BA%E5%A1%94%E5%9F%8E%E5%9C%B0%E5%8C%BA%E5%8C%BB%E9%99%A2%E5%88%97%E8%A1%A8
新疆维吾尔自治区,和田地区,/w/%E6%96%B0%E7%96%86%E7%BB%B4%E5%90%BE%E5%B0%94%E8%87%AA%E6%B2%BB%E5%8C%BA%E5%92%8C%E7%94%B0%E5%9C%B0%E5%8C%BA%E5%8C%BB%E9%99%A2%E5%88%97%E8%A1%A8
新疆维吾尔自治区,阿克苏地区,/w/%E6%96%B0%E7%96%86%E7%BB%B4%E5%90%BE%E5%B0%94%E8%87%AA%E6%B2%BB%E5%8C%BA%E9%98%BF%E5%85%8B%E8%8B%8F%E5%9C%B0%E5%8C%BA%E5%8C%BB%E9%99%A2%E5%88%97%E8%A1%A8
新疆维吾尔自治区,阿勒泰地区,/w/%E6%96%B0%E7%96%86%E7%BB%B4%E5%90%BE%E5%B0%94%E8%87%AA%E6%B2%BB%E5%8C%BA%E9%98%BF%E5%8B%92%E6%B3%B0%E5%9C%B0%E5%8C%BA%E5%8C%BB%E9%99%A2%E5%88%97%E8%A1%A8
新疆维吾尔自治区,哈密地区,/w/%E6%96%B0%E7%96%86%E7%BB%B4%E5%90%BE%E5%B0%94%E8%87%AA%E6%B2%BB%E5%8C%BA%E5%93%88%E5%AF%86%E5%9C%B0%E5%8C%BA%E5%8C%BB%E9%99%A2%E5%88%97%E8%A1%A8
新疆维吾尔自治区,吐鲁番地区,/w/%E6%96%B0%E7%96%86%E7%BB%B4%E5%90%BE%E5%B0%94%E8%87%AA%E6%B2%BB%E5%8C%BA%E5%90%90%E9%B2%81%E7%95%AA%E5%9C%B0%E5%8C%BA%E5%8C%BB%E9%99%A2%E5%88%97%E8%A1%A8
新疆维吾尔自治区,博尔塔拉蒙古自治州,/w/%E5%8D%9A%E5%B0%94%E5%A1%94%E6%8B%89%E8%92%99%E5%8F%A4%E8%87%AA%E6%B2%BB%E5%B7%9E%E5%8C%BB%E9%99%A2%E5%88%97%E8%A1%A8
新疆维吾尔自治区,克拉玛依市,/w/%E5%85%8B%E6%8B%89%E7%8E%9B%E4%BE%9D%E5%B8%82%E5%8C%BB%E9%99%A2%E5%88%97%E8%A1%A8
新疆维吾尔自治区,克孜勒苏柯尔克孜自治州,/w/%E5%85%8B%E5%AD%9C%E5%8B%92%E8%8B%8F%E6%9F%AF%E5%B0%94%E5%85%8B%E5%AD%9C%E8%87%AA%E6%B2%BB%E5%B7%9E%E5%8C%BB%E9%99%A2%E5%88%97%E8%A1%A8
新疆维吾尔自治区,阿拉尔市,/index.php?title=%E9%98%BF%E6%8B%89%E5%B0%94%E5%B8%82%E5%8C%BB%E9%99%A2%E5%88%97%E8%A1%A8&action=edit&redlink=1
新疆维吾尔自治区,图木舒克市,/index.php?title=%E5%9B%BE%E6%9C%A8%E8%88%92%E5%85%8B%E5%B8%82%E5%8C%BB%E9%99%A2%E5%88%97%E8%A1%A8&action=edit&redlink=1
新疆维吾尔自治区,五家渠市,/index.php?title=%E4%BA%94%E5%AE%B6%E6%B8%A0%E5%B8%82%E5%8C%BB%E9%99%A2%E5%88%97%E8%A1%A8&action=edit&redlink=1
内蒙古自治区,呼和浩特市,/w/%E5%91%BC%E5%92%8C%E6%B5%A9%E7%89%B9%E5%B8%82%E5%8C%BB%E9%99%A2%E5%88%97%E8%A1%A8
内蒙古自治区,呼伦贝尔市,/w/%E5%91%BC%E4%BC%A6%E8%B4%9D%E5%B0%94%E5%B8%82%E5%8C%BB%E9%99%A2%E5%88%97%E8%A1%A8
内蒙古自治区,赤峰市,/w/%E8%B5%A4%E5%B3%B0%E5%B8%82%E5%8C%BB%E9%99%A2%E5%88%97%E8%A1%A8
内蒙古自治区,通辽市,/w/%E9%80%9A%E8%BE%BD%E5%B8%82%E5%8C%BB%E9%99%A2%E5%88%97%E8%A1%A8
内蒙古自治区,鄂尔多斯市,/w/%E9%84%82%E5%B0%94%E5%A4%9A%E6%96%AF%E5%B8%82%E5%8C%BB%E9%99%A2%E5%88%97%E8%A1%A8
内蒙古自治区,乌兰察布市,/w/%E4%B9%8C%E5%85%B0%E5%AF%9F%E5%B8%83%E5%B8%82%E5%8C%BB%E9%99%A2%E5%88%97%E8%A1%A8
内蒙古自治区,锡林郭勒盟,/w/%E9%94%A1%E6%9E%97%E9%83%AD%E5%8B%92%E7%9B%9F%E5%8C%BB%E9%99%A2%E5%88%97%E8%A1%A8
内蒙古自治区,巴彦淖尔市,/w/%E5%B7%B4%E5%BD%A6%E6%B7%96%E5%B0%94%E5%B8%82%E5%8C%BB%E9%99%A2%E5%88%97%E8%A1%A8
内蒙古自治区,乌海市,/w/%E4%B9%8C%E6%B5%B7%E5%B8%82%E5%8C%BB%E9%99%A2%E5%88%97%E8%A1%A8
内蒙古自治区,兴安盟,/w/%E5%85%B4%E5%AE%89%E7%9B%9F%E5%8C%BB%E9%99%A2%E5%88%97%E8%A1%A8
内蒙古自治区,阿拉善盟,/w/%E9%98%BF%E6%8B%89%E5%96%84%E7%9B%9F%E5%8C%BB%E9%99%A2%E5%88%97%E8%A1%A8
内蒙古自治区,包头市,/index.php?title=%E5%8C%85%E5%A4%B4%E5%B8%82%E5%8C%BB%E9%99%A2%E5%88%97%E8%A1%A8&action=edit&redlink=1
甘肃省,兰州市,/w/%E5%85%B0%E5%B7%9E%E5%B8%82%E5%8C%BB%E9%99%A2%E5%88%97%E8%A1%A8
甘肃省,天水市,/w/%E5%A4%A9%E6%B0%B4%E5%B8%82%E5%8C%BB%E9%99%A2%E5%88%97%E8%A1%A8
甘肃省,陇南地区,/w/%E7%94%98%E8%82%83%E7%9C%81%E9%99%87%E5%8D%97%E5%9C%B0%E5%8C%BA%E5%8C%BB%E9%99%A2%E5%88%97%E8%A1%A8
甘肃省,平凉市,/w/%E5%B9%B3%E5%87%89%E5%B8%82%E5%8C%BB%E9%99%A2%E5%88%97%E8%A1%A8
甘肃省,定西地区,/w/%E7%94%98%E8%82%83%E7%9C%81%E5%AE%9A%E8%A5%BF%E5%9C%B0%E5%8C%BA%E5%8C%BB%E9%99%A2%E5%88%97%E8%A1%A8
甘肃省,庆阳市,/w/%E5%BA%86%E9%98%B3%E5%B8%82%E5%8C%BB%E9%99%A2%E5%88%97%E8%A1%A8
甘肃省,武威市,/w/%E6%AD%A6%E5%A8%81%E5%B8%82%E5%8C%BB%E9%99%A2%E5%88%97%E8%A1%A8
甘肃省,酒泉市,/w/%E9%85%92%E6%B3%89%E5%B8%82%E5%8C%BB%E9%99%A2%E5%88%97%E8%A1%A8
甘肃省,白银市,/w/%E7%99%BD%E9%93%B6%E5%B8%82%E5%8C%BB%E9%99%A2%E5%88%97%E8%A1%A8
甘肃省,张掖市,/w/%E5%BC%A0%E6%8E%96%E5%B8%82%E5%8C%BB%E9%99%A2%E5%88%97%E8%A1%A8
甘肃省,临夏回族自治州,/w/%E4%B8%B4%E5%A4%8F%E5%9B%9E%E6%97%8F%E8%87%AA%E6%B2%BB%E5%B7%9E%E5%8C%BB%E9%99%A2%E5%88%97%E8%A1%A8
甘肃省,甘南藏族自治州,/w/%E7%94%98%E5%8D%97%E8%97%8F%E6%97%8F%E8%87%AA%E6%B2%BB%E5%B7%9E%E5%8C%BB%E9%99%A2%E5%88%97%E8%A1%A8
甘肃省,金昌市,/w/%E9%87%91%E6%98%8C%E5%B8%82%E5%8C%BB%E9%99%A2%E5%88%97%E8%A1%A8
甘肃省,嘉峪关市,/w/%E5%98%89%E5%B3%AA%E5%85%B3%E5%B8%82%E5%8C%BB%E9%99%A2%E5%88%97%E8%A1%A8
贵州省,贵阳市,/w/%E8%B4%B5%E9%98%B3%E5%B8%82%E5%8C%BB%E9%99%A2%E5%88%97%E8%A1%A8
贵州省,遵义市,/w/%E9%81%B5%E4%B9%89%E5%B8%82%E5%8C%BB%E9%99%A2%E5%88%97%E8%A1%A8
贵州省,毕节地区,/w/%E8%B4%B5%E5%B7%9E%E7%9C%81%E6%AF%95%E8%8A%82%E5%9C%B0%E5%8C%BA%E5%8C%BB%E9%99%A2%E5%88%97%E8%A1%A8
贵州省,黔南布依族苗族自治州,/w/%E9%BB%94%E5%8D%97%E5%B8%83%E4%BE%9D%E6%97%8F%E8%8B%97%E6%97%8F%E8%87%AA%E6%B2%BB%E5%B7%9E%E5%8C%BB%E9%99%A2%E5%88%97%E8%A1%A8
贵州省,黔东南苗族侗族自治州,/w/%E9%BB%94%E4%B8%9C%E5%8D%97%E8%8B%97%E6%97%8F%E4%BE%97%E6%97%8F%E8%87%AA%E6%B2%BB%E5%B7%9E%E5%8C%BB%E9%99%A2%E5%88%97%E8%A1%A8
贵州省,安顺市,/w/%E5%AE%89%E9%A1%BA%E5%B8%82%E5%8C%BB%E9%99%A2%E5%88%97%E8%A1%A8
贵州省,六盘水市,/w/%E5%85%AD%E7%9B%98%E6%B0%B4%E5%B8%82%E5%8C%BB%E9%99%A2%E5%88%97%E8%A1%A8
贵州省,铜仁地区,/w/%E8%B4%B5%E5%B7%9E%E7%9C%81%E9%93%9C%E4%BB%81%E5%9C%B0%E5%8C%BA%E5%8C%BB%E9%99%A2%E5%88%97%E8%A1%A8
贵州省,黔西南布依族苗族自治州,/w/%E9%BB%94%E8%A5%BF%E5%8D%97%E5%B8%83%E4%BE%9D%E6%97%8F%E8%8B%97%E6%97%8F%E8%87%AA%E6%B2%BB%E5%B7%9E%E5%8C%BB%E9%99%A2%E5%88%97%E8%A1%A8
海南省,海口市,/w/%E6%B5%B7%E5%8F%A3%E5%B8%82%E5%8C%BB%E9%99%A2%E5%88%97%E8%A1%A8
海南省,儋州市,/w/%E5%84%8B%E5%B7%9E%E5%B8%82%E5%8C%BB%E9%99%A2%E5%88%97%E8%A1%A8
海南省,三亚市,/w/%E4%B8%89%E4%BA%9A%E5%B8%82%E5%8C%BB%E9%99%A2%E5%88%97%E8%A1%A8
海南省,澄迈县,/w/%E6%B5%B7%E5%8D%97%E7%9C%81%E6%BE%84%E8%BF%88%E5%8E%BF%E5%8C%BB%E9%99%A2%E5%88%97%E8%A1%A8
海南省,文昌市,/w/%E6%96%87%E6%98%8C%E5%B8%82%E5%8C%BB%E9%99%A2%E5%88%97%E8%A1%A8
海南省,琼海市,/w/%E7%90%BC%E6%B5%B7%E5%B8%82%E5%8C%BB%E9%99%A2%E5%88%97%E8%A1%A8
海南省,万宁市,/w/%E4%B8%87%E5%AE%81%E5%B8%82%E5%8C%BB%E9%99%A2%E5%88%97%E8%A1%A8
海南省,屯昌县,/w/%E6%B5%B7%E5%8D%97%E7%9C%81%E5%B1%AF%E6%98%8C%E5%8E%BF%E5%8C%BB%E9%99%A2%E5%88%97%E8%A1%A8
海南省,琼中黎族苗族自治县,/w/%E6%B5%B7%E5%8D%97%E7%9C%81%E7%90%BC%E4%B8%AD%E9%BB%8E%E6%97%8F%E8%8B%97%E6%97%8F%E8%87%AA%E6%B2%BB%E5%8E%BF%E5%8C%BB%E9%99%A2%E5%88%97%E8%A1%A8
海南省,昌江黎族自治县,/w/%E6%B5%B7%E5%8D%97%E7%9C%81%E6%98%8C%E6%B1%9F%E9%BB%8E%E6%97%8F%E8%87%AA%E6%B2%BB%E5%8E%BF%E5%8C%BB%E9%99%A2%E5%88%97%E8%A1%A8
海南省,乐东黎族自治县,/w/%E6%B5%B7%E5%8D%97%E7%9C%81%E4%B9%90%E4%B8%9C%E9%BB%8E%E6%97%8F%E8%87%AA%E6%B2%BB%E5%8E%BF%E5%8C%BB%E9%99%A2%E5%88%97%E8%A1%A8
海南省,保亭黎族苗族自治县,/w/%E6%B5%B7%E5%8D%97%E7%9C%81%E4%BF%9D%E4%BA%AD%E9%BB%8E%E6%97%8F%E8%8B%97%E6%97%8F%E8%87%AA%E6%B2%BB%E5%8E%BF%E5%8C%BB%E9%99%A2%E5%88%97%E8%A1%A8
海南省,五指山市,/w/%E4%BA%94%E6%8C%87%E5%B1%B1%E5%B8%82%E5%8C%BB%E9%99%A2%E5%88%97%E8%A1%A8
海南省,东方市,/w/%E4%B8%9C%E6%96%B9%E5%B8%82%E5%8C%BB%E9%99%A2%E5%88%97%E8%A1%A8
海南省,临高县,/w/%E6%B5%B7%E5%8D%97%E7%9C%81%E4%B8%B4%E9%AB%98%E5%8E%BF%E5%8C%BB%E9%99%A2%E5%88%97%E8%A1%A8
海南省,定安县,/w/%E6%B5%B7%E5%8D%97%E7%9C%81%E5%AE%9A%E5%AE%89%E5%8E%BF%E5%8C%BB%E9%99%A2%E5%88%97%E8%A1%A8
海南省,白沙黎族自治县,/w/%E6%B5%B7%E5%8D%97%E7%9C%81%E7%99%BD%E6%B2%99%E9%BB%8E%E6%97%8F%E8%87%AA%E6%B2%BB%E5%8E%BF%E5%8C%BB%E9%99%A2%E5%88%97%E8%A1%A8
海南省,陵水黎族自治县,/w/%E6%B5%B7%E5%8D%97%E7%9C%81%E9%99%B5%E6%B0%B4%E9%BB%8E%E6%97%8F%E8%87%AA%E6%B2%BB%E5%8E%BF%E5%8C%BB%E9%99%A2%E5%88%97%E8%A1%A8
海南省,琼山市,/index.php?title=%E7%90%BC%E5%B1%B1%E5%B8%82%E5%8C%BB%E9%99%A2%E5%88%97%E8%A1%A8&action=edit&redlink=1
青海省,西宁市,/w/%E8%A5%BF%E5%AE%81%E5%B8%82%E5%8C%BB%E9%99%A2%E5%88%97%E8%A1%A8
青海省,海西蒙古族藏族自治州,/w/%E6%B5%B7%E8%A5%BF%E8%92%99%E5%8F%A4%E6%97%8F%E8%97%8F%E6%97%8F%E8%87%AA%E6%B2%BB%E5%B7%9E%E5%8C%BB%E9%99%A2%E5%88%97%E8%A1%A8
青海省,海东地区,/w/%E9%9D%92%E6%B5%B7%E7%9C%81%E6%B5%B7%E4%B8%9C%E5%9C%B0%E5%8C%BA%E5%8C%BB%E9%99%A2%E5%88%97%E8%A1%A8
青海省,玉树藏族自治州,/w/%E7%8E%89%E6%A0%91%E8%97%8F%E6%97%8F%E8%87%AA%E6%B2%BB%E5%B7%9E%E5%8C%BB%E9%99%A2%E5%88%97%E8%A1%A8
青海省,果洛藏族自治州,/w/%E6%9E%9C%E6%B4%9B%E8%97%8F%E6%97%8F%E8%87%AA%E6%B2%BB%E5%B7%9E%E5%8C%BB%E9%99%A2%E5%88%97%E8%A1%A8
青海省,黄南藏族自治州,/w/%E9%BB%84%E5%8D%97%E8%97%8F%E6%97%8F%E8%87%AA%E6%B2%BB%E5%B7%9E%E5%8C%BB%E9%99%A2%E5%88%97%E8%A1%A8
青海省,海南藏族自治州,/w/%E6%B5%B7%E5%8D%97%E8%97%8F%E6%97%8F%E8%87%AA%E6%B2%BB%E5%B7%9E%E5%8C%BB%E9%99%A2%E5%88%97%E8%A1%A8
青海省,海北藏族自治州,/w/%E6%B5%B7%E5%8C%97%E8%97%8F%E6%97%8F%E8%87%AA%E6%B2%BB%E5%B7%9E%E5%8C%BB%E9%99%A2%E5%88%97%E8%A1%A8
宁夏回族自治区,银川市,/w/%E9%93%B6%E5%B7%9D%E5%B8%82%E5%8C%BB%E9%99%A2%E5%88%97%E8%A1%A8
宁夏回族自治区,吴忠市,/w/%E5%90%B4%E5%BF%A0%E5%B8%82%E5%8C%BB%E9%99%A2%E5%88%97%E8%A1%A8
宁夏回族自治区,石嘴山市,/w/%E7%9F%B3%E5%98%B4%E5%B1%B1%E5%B8%82%E5%8C%BB%E9%99%A2%E5%88%97%E8%A1%A8
宁夏回族自治区,固原市,/w/%E5%9B%BA%E5%8E%9F%E5%B8%82%E5%8C%BB%E9%99%A2%E5%88%97%E8%A1%A8
西藏自治区,日喀则地区,/w/%E8%A5%BF%E8%97%8F%E8%87%AA%E6%B2%BB%E5%8C%BA%E6%97%A5%E5%96%80%E5%88%99%E5%9C%B0%E5%8C%BA%E5%8C%BB%E9%99%A2%E5%88%97%E8%A1%A8
西藏自治区,那曲地区,/w/%E8%A5%BF%E8%97%8F%E8%87%AA%E6%B2%BB%E5%8C%BA%E9%82%A3%E6%9B%B2%E5%9C%B0%E5%8C%BA%E5%8C%BB%E9%99%A2%E5%88%97%E8%A1%A8
西藏自治区,拉萨市,/w/%E6%8B%89%E8%90%A8%E5%B8%82%E5%8C%BB%E9%99%A2%E5%88%97%E8%A1%A8
西藏自治区,山南地区,/w/%E8%A5%BF%E8%97%8F%E8%87%AA%E6%B2%BB%E5%8C%BA%E5%B1%B1%E5%8D%97%E5%9C%B0%E5%8C%BA%E5%8C%BB%E9%99%A2%E5%88%97%E8%A1%A8
西藏自治区,阿里地区,/w/%E8%A5%BF%E8%97%8F%E8%87%AA%E6%B2%BB%E5%8C%BA%E9%98%BF%E9%87%8C%E5%9C%B0%E5%8C%BA%E5%8C%BB%E9%99%A2%E5%88%97%E8%A1%A8
西藏自治区,昌都地区,/w/%E8%A5%BF%E8%97%8F%E8%87%AA%E6%B2%BB%E5%8C%BA%E6%98%8C%E9%83%BD%E5%9C%B0%E5%8C%BA%E5%8C%BB%E9%99%A2%E5%88%97%E8%A1%A8
西藏自治区,林芝地区,/w/%E8%A5%BF%E8%97%8F%E8%87%AA%E6%B2%BB%E5%8C%BA%E6%9E%97%E8%8A%9D%E5%9C%B0%E5%8C%BA%E5%8C%BB%E9%99%A2%E5%88%97%E8%A1%A8
北京市,朝阳区,/w/%E5%8C%97%E4%BA%AC%E5%B8%82%E6%9C%9D%E9%98%B3%E5%8C%BA%E5%8C%BB%E9%99%A2%E5%88%97%E8%A1%A8
北京市,海淀区,/w/%E5%8C%97%E4%BA%AC%E5%B8%82%E6%B5%B7%E6%B7%80%E5%8C%BA%E5%8C%BB%E9%99%A2%E5%88%97%E8%A1%A8
北京市,丰台区,/w/%E5%8C%97%E4%BA%AC%E5%B8%82%E4%B8%B0%E5%8F%B0%E5%8C%BA%E5%8C%BB%E9%99%A2%E5%88%97%E8%A1%A8
北京市,东城区,/w/%E5%8C%97%E4%BA%AC%E5%B8%82%E4%B8%9C%E5%9F%8E%E5%8C%BA%E5%8C%BB%E9%99%A2%E5%88%97%E8%A1%A8
北京市,西城区,/w/%E5%8C%97%E4%BA%AC%E5%B8%82%E8%A5%BF%E5%9F%8E%E5%8C%BA%E5%8C%BB%E9%99%A2%E5%88%97%E8%A1%A8
北京市,昌平区,/w/%E5%8C%97%E4%BA%AC%E5%B8%82%E6%98%8C%E5%B9%B3%E5%8C%BA%E5%8C%BB%E9%99%A2%E5%88%97%E8%A1%A8
北京市,宣武区,/w/%E5%8C%97%E4%BA%AC%E5%B8%82%E5%AE%A3%E6%AD%A6%E5%8C%BA%E5%8C%BB%E9%99%A2%E5%88%97%E8%A1%A8
北京市,房山区,/w/%E5%8C%97%E4%BA%AC%E5%B8%82%E6%88%BF%E5%B1%B1%E5%8C%BA%E5%8C%BB%E9%99%A2%E5%88%97%E8%A1%A8
北京市,崇文区,/w/%E5%8C%97%E4%BA%AC%E5%B8%82%E5%B4%87%E6%96%87%E5%8C%BA%E5%8C%BB%E9%99%A2%E5%88%97%E8%A1%A8
北京市,石景山区,/w/%E5%8C%97%E4%BA%AC%E5%B8%82%E7%9F%B3%E6%99%AF%E5%B1%B1%E5%8C%BA%E5%8C%BB%E9%99%A2%E5%88%97%E8%A1%A8
北京市,门头沟区,/w/%E5%8C%97%E4%BA%AC%E5%B8%82%E9%97%A8%E5%A4%B4%E6%B2%9F%E5%8C%BA%E5%8C%BB%E9%99%A2%E5%88%97%E8%A1%A8
北京市,通州区,/w/%E5%8C%97%E4%BA%AC%E5%B8%82%E9%80%9A%E5%B7%9E%E5%8C%BA%E5%8C%BB%E9%99%A2%E5%88%97%E8%A1%A8
北京市,大兴区,/w/%E5%8C%97%E4%BA%AC%E5%B8%82%E5%A4%A7%E5%85%B4%E5%8C%BA%E5%8C%BB%E9%99%A2%E5%88%97%E8%A1%A8
北京市,顺义区,/w/%E5%8C%97%E4%BA%AC%E5%B8%82%E9%A1%BA%E4%B9%89%E5%8C%BA%E5%8C%BB%E9%99%A2%E5%88%97%E8%A1%A8
北京市,怀柔区,/w/%E5%8C%97%E4%BA%AC%E5%B8%82%E6%80%80%E6%9F%94%E5%8C%BA%E5%8C%BB%E9%99%A2%E5%88%97%E8%A1%A8
北京市,密云县,/w/%E5%8C%97%E4%BA%AC%E5%B8%82%E5%AF%86%E4%BA%91%E5%8E%BF%E5%8C%BB%E9%99%A2%E5%88%97%E8%A1%A8
北京市,平谷区,/w/%E5%8C%97%E4%BA%AC%E5%B8%82%E5%B9%B3%E8%B0%B7%E5%8C%BA%E5%8C%BB%E9%99%A2%E5%88%97%E8%A1%A8
北京市,延庆县,/w/%E5%8C%97%E4%BA%AC%E5%B8%82%E5%BB%B6%E5%BA%86%E5%8E%BF%E5%8C%BB%E9%99%A2%E5%88%97%E8%A1%A8
