章,块,,
A00-A09：肠道传染病,/w/ICD-10/A00-A09%EF%BC%9A%E8%82%A0%E9%81%93%E4%BC%A0%E6%9F%93%E7%97%85
A15-A19：肺结核,/w/ICD-10/A15-A19%EF%BC%9A%E8%82%BA%E7%BB%93%E6%A0%B8
A20-A28：某些动物传染的细菌性疾病,/w/ICD-10/A20-A28%EF%BC%9A%E6%9F%90%E4%BA%9B%E5%8A%A8%E7%89%A9%E4%BC%A0%E6%9F%93%E7%9A%84%E7%BB%86%E8%8F%8C%E6%80%A7%E7%96%BE%E7%97%85
A30-A49：其他细菌性疾病,/w/ICD-10/A30-A49%EF%BC%9A%E5%85%B6%E4%BB%96%E7%BB%86%E8%8F%8C%E6%80%A7%E7%96%BE%E7%97%85
A50-A64：主要为性传播模式的感染,/w/ICD-10/A50-A64%EF%BC%9A%E4%B8%BB%E8%A6%81%E4%B8%BA%E6%80%A7%E4%BC%A0%E6%92%AD%E6%A8%A1%E5%BC%8F%E7%9A%84%E6%84%9F%E6%9F%93
A65-A69：其他螺旋体疾病,/w/ICD-10/A65-A69%EF%BC%9A%E5%85%B6%E4%BB%96%E8%9E%BA%E6%97%8B%E4%BD%93%E7%96%BE%E7%97%85
A70-A74：其他由衣原体引起的疾病,/w/ICD-10/A70-A74%EF%BC%9A%E5%85%B6%E4%BB%96%E7%94%B1%E8%A1%A3%E5%8E%9F%E4%BD%93%E5%BC%95%E8%B5%B7%E7%9A%84%E7%96%BE%E7%97%85
A75-A79：斑点热立克次体病,/w/ICD-10/A75-A79%EF%BC%9A%E6%96%91%E7%82%B9%E7%83%AD%E7%AB%8B%E5%85%8B%E6%AC%A1%E4%BD%93%E7%97%85
A80-A89：中枢神经系统病毒感染,/w/ICD-10/A80-A89%EF%BC%9A%E4%B8%AD%E6%9E%A2%E7%A5%9E%E7%BB%8F%E7%B3%BB%E7%BB%9F%E7%97%85%E6%AF%92%E6%84%9F%E6%9F%93
A90-A99：由节枝动物传播的病毒热和病毒性出血热,/w/ICD-10/A90-A99%EF%BC%9A%E7%94%B1%E8%8A%82%E6%9E%9D%E5%8A%A8%E7%89%A9%E4%BC%A0%E6%92%AD%E7%9A%84%E7%97%85%E6%AF%92%E7%83%AD%E5%92%8C%E7%97%85%E6%AF%92%E6%80%A7%E5%87%BA%E8%A1%80%E7%83%AD
B00-B09：以皮肤和黏膜损害为特征的病毒性感染,/w/ICD-10/B00-B09%EF%BC%9A%E4%BB%A5%E7%9A%AE%E8%82%A4%E5%92%8C%E9%BB%8F%E8%86%9C%E6%8D%9F%E5%AE%B3%E4%B8%BA%E7%89%B9%E5%BE%81%E7%9A%84%E7%97%85%E6%AF%92%E6%80%A7%E6%84%9F%E6%9F%93
B15-B19：病毒性肝炎,/w/ICD-10/B15-B19%EF%BC%9A%E7%97%85%E6%AF%92%E6%80%A7%E8%82%9D%E7%82%8E
B20-B24：人类免疫缺陷病毒（HIV）性疾病,/w/ICD-10/B20-B24%EF%BC%9A%E4%BA%BA%E7%B1%BB%E5%85%8D%E7%96%AB%E7%BC%BA%E9%99%B7%E7%97%85%E6%AF%92%EF%BC%88HIV%EF%BC%89%E6%80%A7%E7%96%BE%E7%97%85
B25-B34：其他病毒性疾病,/w/ICD-10/B25-B34%EF%BC%9A%E5%85%B6%E4%BB%96%E7%97%85%E6%AF%92%E6%80%A7%E7%96%BE%E7%97%85
B35-B49：真菌病,/w/ICD-10/B35-B49%EF%BC%9A%E7%9C%9F%E8%8F%8C%E7%97%85
B50-B64：原虫病,/w/ICD-10/B50-B64%EF%BC%9A%E5%8E%9F%E8%99%AB%E7%97%85
B65-B83：蠕虫病,/w/ICD-10/B65-B83%EF%BC%9A%E8%A0%95%E8%99%AB%E7%97%85
B85-B89：虱病，螨病和其他虫害,/w/ICD-10/B85-B89%EF%BC%9A%E8%99%B1%E7%97%85%EF%BC%8C%E8%9E%A8%E7%97%85%E5%92%8C%E5%85%B6%E4%BB%96%E8%99%AB%E5%AE%B3
B90-B94：传染病和寄生虫病的后遗症,/w/ICD-10/B90-B94%EF%BC%9A%E4%BC%A0%E6%9F%93%E7%97%85%E5%92%8C%E5%AF%84%E7%94%9F%E8%99%AB%E7%97%85%E7%9A%84%E5%90%8E%E9%81%97%E7%97%87
B95-B97：细菌、病毒和其他感染因子,/w/ICD-10/B95-B97%EF%BC%9A%E7%BB%86%E8%8F%8C%E3%80%81%E7%97%85%E6%AF%92%E5%92%8C%E5%85%B6%E4%BB%96%E6%84%9F%E6%9F%93%E5%9B%A0%E5%AD%90
B99：其它传染病,/w/ICD-10/B99%EF%BC%9A%E5%85%B6%E5%AE%83%E4%BC%A0%E6%9F%93%E7%97%85
I,A00-B99,ICD-10/A00-B99：某些传染病和寄生虫病,/w/ICD-10/A00-B99%EF%BC%9A%E6%9F%90%E4%BA%9B%E4%BC%A0%E6%9F%93%E7%97%85%E5%92%8C%E5%AF%84%E7%94%9F%E8%99%AB%E7%97%85
C00-C97：恶性肿瘤,/w/ICD-10/C00-C97%EF%BC%9A%E6%81%B6%E6%80%A7%E8%82%BF%E7%98%A4
D00-D09：原位肿瘤,/w/ICD-10/D00-D09%EF%BC%9A%E5%8E%9F%E4%BD%8D%E8%82%BF%E7%98%A4
D10-D36：良性肿瘤,/w/ICD-10/D10-D36%EF%BC%9A%E8%89%AF%E6%80%A7%E8%82%BF%E7%98%A4
D37-D48：特性未定或未知肿瘤,/w/ICD-10/D37-D48%EF%BC%9A%E7%89%B9%E6%80%A7%E6%9C%AA%E5%AE%9A%E6%88%96%E6%9C%AA%E7%9F%A5%E8%82%BF%E7%98%A4
II,C00-D48,ICD-10/C00-D48：肿瘤,/w/ICD-10/C00-D48%EF%BC%9A%E8%82%BF%E7%98%A4
D50-D53：营养性贫血,/w/ICD-10/D50-D53%EF%BC%9A%E8%90%A5%E5%85%BB%E6%80%A7%E8%B4%AB%E8%A1%80
D55-D59：溶血性贫血,/w/ICD-10/D55-D59%EF%BC%9A%E6%BA%B6%E8%A1%80%E6%80%A7%E8%B4%AB%E8%A1%80
D60-D64：再生障碍性贫血和其他的贫血,/w/ICD-10/D60-D64%EF%BC%9A%E5%86%8D%E7%94%9F%E9%9A%9C%E7%A2%8D%E6%80%A7%E8%B4%AB%E8%A1%80%E5%92%8C%E5%85%B6%E4%BB%96%E7%9A%84%E8%B4%AB%E8%A1%80
D65-D69：凝血缺陷、紫癫和其他出血性疾病,/w/ICD-10/D65-D69%EF%BC%9A%E5%87%9D%E8%A1%80%E7%BC%BA%E9%99%B7%E3%80%81%E7%B4%AB%E7%99%AB%E5%92%8C%E5%85%B6%E4%BB%96%E5%87%BA%E8%A1%80%E6%80%A7%E7%96%BE%E7%97%85
D70-D77：血液和造血器官的其他疾病,/w/ICD-10/D70-D77%EF%BC%9A%E8%A1%80%E6%B6%B2%E5%92%8C%E9%80%A0%E8%A1%80%E5%99%A8%E5%AE%98%E7%9A%84%E5%85%B6%E4%BB%96%E7%96%BE%E7%97%85
D80-D89：某些涉及免疫机能的异常,/w/ICD-10/D80-D89%EF%BC%9A%E6%9F%90%E4%BA%9B%E6%B6%89%E5%8F%8A%E5%85%8D%E7%96%AB%E6%9C%BA%E8%83%BD%E7%9A%84%E5%BC%82%E5%B8%B8
III,D50-D89,ICD-10/D50-D89：血液和造血器官疾病以及某些涉及免疫机能的异常,/w/ICD-10/D50-D89%EF%BC%9A%E8%A1%80%E6%B6%B2%E5%92%8C%E9%80%A0%E8%A1%80%E5%99%A8%E5%AE%98%E7%96%BE%E7%97%85%E4%BB%A5%E5%8F%8A%E6%9F%90%E4%BA%9B%E6%B6%89%E5%8F%8A%E5%85%8D%E7%96%AB%E6%9C%BA%E8%83%BD%E7%9A%84%E5%BC%82%E5%B8%B8
E00-E07：甲状腺疾病,/w/ICD-10/E00-E07%EF%BC%9A%E7%94%B2%E7%8A%B6%E8%85%BA%E7%96%BE%E7%97%85
E10-E14：糖尿病,/w/ICD-10/E10-E14%EF%BC%9A%E7%B3%96%E5%B0%BF%E7%97%85
E15-E16：糖调节和胰腺内分泌的其他疾病,/w/ICD-10/E15-E16%EF%BC%9A%E7%B3%96%E8%B0%83%E8%8A%82%E5%92%8C%E8%83%B0%E8%85%BA%E5%86%85%E5%88%86%E6%B3%8C%E7%9A%84%E5%85%B6%E4%BB%96%E7%96%BE%E7%97%85
E20-E35：其他内分泌腺疾病,/w/ICD-10/E20-E35%EF%BC%9A%E5%85%B6%E4%BB%96%E5%86%85%E5%88%86%E6%B3%8C%E8%85%BA%E7%96%BE%E7%97%85
E40-E46：营养不良,/w/ICD-10/E40-E46%EF%BC%9A%E8%90%A5%E5%85%BB%E4%B8%8D%E8%89%AF
E50-E64：其他的营养缺乏,/w/ICD-10/E50-E64%EF%BC%9A%E5%85%B6%E4%BB%96%E7%9A%84%E8%90%A5%E5%85%BB%E7%BC%BA%E4%B9%8F
E65-E68：肥胖和其他的营养过剩,/w/ICD-10/E65-E68%EF%BC%9A%E8%82%A5%E8%83%96%E5%92%8C%E5%85%B6%E4%BB%96%E7%9A%84%E8%90%A5%E5%85%BB%E8%BF%87%E5%89%A9
E70-E90：代谢性疾病,/w/ICD-10/E70-E90%EF%BC%9A%E4%BB%A3%E8%B0%A2%E6%80%A7%E7%96%BE%E7%97%85
IV,E00-E90,ICD-10/E00-E90：内分泌、营养和代谢疾病,/w/ICD-10/E00-E90%EF%BC%9A%E5%86%85%E5%88%86%E6%B3%8C%E3%80%81%E8%90%A5%E5%85%BB%E5%92%8C%E4%BB%A3%E8%B0%A2%E7%96%BE%E7%97%85
F00-F09：器质性（包括症状性）精神障碍,/w/ICD-10/F00-F09%EF%BC%9A%E5%99%A8%E8%B4%A8%E6%80%A7%EF%BC%88%E5%8C%85%E6%8B%AC%E7%97%87%E7%8A%B6%E6%80%A7%EF%BC%89%E7%B2%BE%E7%A5%9E%E9%9A%9C%E7%A2%8D
F10-F19：使用精神活性物质所致的精神和行为障碍,/w/ICD-10/F10-F19%EF%BC%9A%E4%BD%BF%E7%94%A8%E7%B2%BE%E7%A5%9E%E6%B4%BB%E6%80%A7%E7%89%A9%E8%B4%A8%E6%89%80%E8%87%B4%E7%9A%84%E7%B2%BE%E7%A5%9E%E5%92%8C%E8%A1%8C%E4%B8%BA%E9%9A%9C%E7%A2%8D
F20-F29：精神分裂症、分裂型和妄想性精神障碍,/w/ICD-10/F20-F29%EF%BC%9A%E7%B2%BE%E7%A5%9E%E5%88%86%E8%A3%82%E7%97%87%E3%80%81%E5%88%86%E8%A3%82%E5%9E%8B%E5%92%8C%E5%A6%84%E6%83%B3%E6%80%A7%E7%B2%BE%E7%A5%9E%E9%9A%9C%E7%A2%8D
F30-F39：情感性精神障碍（心境障碍）,/w/ICD-10/F30-F39%EF%BC%9A%E6%83%85%E6%84%9F%E6%80%A7%E7%B2%BE%E7%A5%9E%E9%9A%9C%E7%A2%8D%EF%BC%88%E5%BF%83%E5%A2%83%E9%9A%9C%E7%A2%8D%EF%BC%89
F40-F48：神经症性、应激性和躯体形式障碍,/w/ICD-10/F40-F48%EF%BC%9A%E7%A5%9E%E7%BB%8F%E7%97%87%E6%80%A7%E3%80%81%E5%BA%94%E6%BF%80%E6%80%A7%E5%92%8C%E8%BA%AF%E4%BD%93%E5%BD%A2%E5%BC%8F%E9%9A%9C%E7%A2%8D
F50-F59：伴有生理障碍和躯体因素的行为综合征,/w/ICD-10/F50-F59%EF%BC%9A%E4%BC%B4%E6%9C%89%E7%94%9F%E7%90%86%E9%9A%9C%E7%A2%8D%E5%92%8C%E8%BA%AF%E4%BD%93%E5%9B%A0%E7%B4%A0%E7%9A%84%E8%A1%8C%E4%B8%BA%E7%BB%BC%E5%90%88%E5%BE%81
F60-F69：成人人格与行为障碍,/w/ICD-10/F60-F69%EF%BC%9A%E6%88%90%E4%BA%BA%E4%BA%BA%E6%A0%BC%E4%B8%8E%E8%A1%8C%E4%B8%BA%E9%9A%9C%E7%A2%8D
F70-F79：精神发育迟缓,/w/ICD-10/F70-F79%EF%BC%9A%E7%B2%BE%E7%A5%9E%E5%8F%91%E8%82%B2%E8%BF%9F%E7%BC%93
F80-F89：心理发育障碍,/w/ICD-10/F80-F89%EF%BC%9A%E5%BF%83%E7%90%86%E5%8F%91%E8%82%B2%E9%9A%9C%E7%A2%8D
F90-F98：通常发生于儿童及青少年期的行为和精神障碍,/w/ICD-10/F90-F98%EF%BC%9A%E9%80%9A%E5%B8%B8%E5%8F%91%E7%94%9F%E4%BA%8E%E5%84%BF%E7%AB%A5%E5%8F%8A%E9%9D%92%E5%B0%91%E5%B9%B4%E6%9C%9F%E7%9A%84%E8%A1%8C%E4%B8%BA%E5%92%8C%E7%B2%BE%E7%A5%9E%E9%9A%9C%E7%A2%8D
F99：精神障碍 NOS,/w/ICD-10/F99%EF%BC%9A%E7%B2%BE%E7%A5%9E%E9%9A%9C%E7%A2%8D_NOS
V,F00-F99,ICD-10/F00-F99：精神和行为障碍,/w/ICD-10/F00-F99%EF%BC%9A%E7%B2%BE%E7%A5%9E%E5%92%8C%E8%A1%8C%E4%B8%BA%E9%9A%9C%E7%A2%8D
G00-G09：中枢神经系统炎症性疾病,/w/ICD-10/G00-G09%EF%BC%9A%E4%B8%AD%E6%9E%A2%E7%A5%9E%E7%BB%8F%E7%B3%BB%E7%BB%9F%E7%82%8E%E7%97%87%E6%80%A7%E7%96%BE%E7%97%85
G10-G13：主要影响中枢神经系统的全身性萎缩,/w/ICD-10/G10-G13%EF%BC%9A%E4%B8%BB%E8%A6%81%E5%BD%B1%E5%93%8D%E4%B8%AD%E6%9E%A2%E7%A5%9E%E7%BB%8F%E7%B3%BB%E7%BB%9F%E7%9A%84%E5%85%A8%E8%BA%AB%E6%80%A7%E8%90%8E%E7%BC%A9
G20-G26：锥体外运动障碍,/w/ICD-10/G20-G26%EF%BC%9A%E9%94%A5%E4%BD%93%E5%A4%96%E8%BF%90%E5%8A%A8%E9%9A%9C%E7%A2%8D
G30-G32：其它的神经系统变性疾病,/w/ICD-10/G30-G32%EF%BC%9A%E5%85%B6%E5%AE%83%E7%9A%84%E7%A5%9E%E7%BB%8F%E7%B3%BB%E7%BB%9F%E5%8F%98%E6%80%A7%E7%96%BE%E7%97%85
G35-G37：中枢神经系统脱髓鞘疾病,/w/ICD-10/G35-G37%EF%BC%9A%E4%B8%AD%E6%9E%A2%E7%A5%9E%E7%BB%8F%E7%B3%BB%E7%BB%9F%E8%84%B1%E9%AB%93%E9%9E%98%E7%96%BE%E7%97%85
G40-G47：短暂和突发性疾病,/w/ICD-10/G40-G47%EF%BC%9A%E7%9F%AD%E6%9A%82%E5%92%8C%E7%AA%81%E5%8F%91%E6%80%A7%E7%96%BE%E7%97%85
G50-G59：神经、神经根和神经丛疾病,/w/ICD-10/G50-G59%EF%BC%9A%E7%A5%9E%E7%BB%8F%E3%80%81%E7%A5%9E%E7%BB%8F%E6%A0%B9%E5%92%8C%E7%A5%9E%E7%BB%8F%E4%B8%9B%E7%96%BE%E7%97%85
G60-G64：多发性神经病变和其他周围神经系统疾病,/w/ICD-10/G60-G64%EF%BC%9A%E5%A4%9A%E5%8F%91%E6%80%A7%E7%A5%9E%E7%BB%8F%E7%97%85%E5%8F%98%E5%92%8C%E5%85%B6%E4%BB%96%E5%91%A8%E5%9B%B4%E7%A5%9E%E7%BB%8F%E7%B3%BB%E7%BB%9F%E7%96%BE%E7%97%85
G70-G73：肌神经接点和肌肉疾病,/w/ICD-10/G70-G73%EF%BC%9A%E8%82%8C%E7%A5%9E%E7%BB%8F%E6%8E%A5%E7%82%B9%E5%92%8C%E8%82%8C%E8%82%89%E7%96%BE%E7%97%85
G80-G83：脑瘫和其它的瘫痪综合症,/w/ICD-10/G80-G83%EF%BC%9A%E8%84%91%E7%98%AB%E5%92%8C%E5%85%B6%E5%AE%83%E7%9A%84%E7%98%AB%E7%97%AA%E7%BB%BC%E5%90%88%E7%97%87
G90-G99：其它神经系统疾病,/w/ICD-10/G90-G99%EF%BC%9A%E5%85%B6%E5%AE%83%E7%A5%9E%E7%BB%8F%E7%B3%BB%E7%BB%9F%E7%96%BE%E7%97%85
VI,G00-G99,ICD-10/G00-G99：神经系统疾病,/w/ICD-10/G00-G99%EF%BC%9A%E7%A5%9E%E7%BB%8F%E7%B3%BB%E7%BB%9F%E7%96%BE%E7%97%85
H00-H06：眼睑、泪腺系统和眼眶疾病,/w/ICD-10/H00-H06%EF%BC%9A%E7%9C%BC%E7%9D%91%E3%80%81%E6%B3%AA%E8%85%BA%E7%B3%BB%E7%BB%9F%E5%92%8C%E7%9C%BC%E7%9C%B6%E7%96%BE%E7%97%85
H10-H13：眼结膜疾病,/w/ICD-10/H10-H13%EF%BC%9A%E7%9C%BC%E7%BB%93%E8%86%9C%E7%96%BE%E7%97%85
H15-H22：巩膜、角膜、虹膜和睫状体疾病,/w/ICD-10/H15-H22%EF%BC%9A%E5%B7%A9%E8%86%9C%E3%80%81%E8%A7%92%E8%86%9C%E3%80%81%E8%99%B9%E8%86%9C%E5%92%8C%E7%9D%AB%E7%8A%B6%E4%BD%93%E7%96%BE%E7%97%85
H25-H28：晶状体疾病,/w/ICD-10/H25-H28%EF%BC%9A%E6%99%B6%E7%8A%B6%E4%BD%93%E7%96%BE%E7%97%85
H30-H36：脉胳膜、视网膜疾病,/w/ICD-10/H30-H36%EF%BC%9A%E8%84%89%E8%83%B3%E8%86%9C%E3%80%81%E8%A7%86%E7%BD%91%E8%86%9C%E7%96%BE%E7%97%85
H40-H42：青光眼,/w/ICD-10/H40-H42%EF%BC%9A%E9%9D%92%E5%85%89%E7%9C%BC
H43-H45：玻璃体和眼球疾病,/w/ICD-10/H43-H45%EF%BC%9A%E7%8E%BB%E7%92%83%E4%BD%93%E5%92%8C%E7%9C%BC%E7%90%83%E7%96%BE%E7%97%85
H46-H48：视神经和视通路疾病,/w/ICD-10/H46-H48%EF%BC%9A%E8%A7%86%E7%A5%9E%E7%BB%8F%E5%92%8C%E8%A7%86%E9%80%9A%E8%B7%AF%E7%96%BE%E7%97%85
H49-H52：眼肌、双眼运动、眼睛调节和屈光异常,/w/ICD-10/H49-H52%EF%BC%9A%E7%9C%BC%E8%82%8C%E3%80%81%E5%8F%8C%E7%9C%BC%E8%BF%90%E5%8A%A8%E3%80%81%E7%9C%BC%E7%9D%9B%E8%B0%83%E8%8A%82%E5%92%8C%E5%B1%88%E5%85%89%E5%BC%82%E5%B8%B8
H53-H54：视觉障碍和失明,/w/ICD-10/H53-H54%EF%BC%9A%E8%A7%86%E8%A7%89%E9%9A%9C%E7%A2%8D%E5%92%8C%E5%A4%B1%E6%98%8E
H55-H59：眼及附器的其它疾病,/w/ICD-10/H55-H59%EF%BC%9A%E7%9C%BC%E5%8F%8A%E9%99%84%E5%99%A8%E7%9A%84%E5%85%B6%E5%AE%83%E7%96%BE%E7%97%85
VII,H00-H59,ICD-10/H00-H59：眼及附器疾病,/w/ICD-10/H00-H59%EF%BC%9A%E7%9C%BC%E5%8F%8A%E9%99%84%E5%99%A8%E7%96%BE%E7%97%85
H60-H62：外耳疾病,/w/ICD-10/H60-H62%EF%BC%9A%E5%A4%96%E8%80%B3%E7%96%BE%E7%97%85
H65-H75：中耳和乳突疾病,/w/ICD-10/H65-H75%EF%BC%9A%E4%B8%AD%E8%80%B3%E5%92%8C%E4%B9%B3%E7%AA%81%E7%96%BE%E7%97%85
H80-H83：内耳疾病,/w/ICD-10/H80-H83%EF%BC%9A%E5%86%85%E8%80%B3%E7%96%BE%E7%97%85
H90-H95：其它耳病,/w/ICD-10/H90-H95%EF%BC%9A%E5%85%B6%E5%AE%83%E8%80%B3%E7%97%85
VIII,H60-H95,ICD-10/H60-H95：耳和乳突疾病,/w/ICD-10/H60-H95%EF%BC%9A%E8%80%B3%E5%92%8C%E4%B9%B3%E7%AA%81%E7%96%BE%E7%97%85
I00-I02：急性风湿热,/w/ICD-10/I00-I02%EF%BC%9A%E6%80%A5%E6%80%A7%E9%A3%8E%E6%B9%BF%E7%83%AD
I05-I09：慢性风湿性心脏病,/w/ICD-10/I05-I09%EF%BC%9A%E6%85%A2%E6%80%A7%E9%A3%8E%E6%B9%BF%E6%80%A7%E5%BF%83%E8%84%8F%E7%97%85
I10-I15：高血压病,/w/ICD-10/I10-I15%EF%BC%9A%E9%AB%98%E8%A1%80%E5%8E%8B%E7%97%85
I20-I25：缺血性心脏病,/w/ICD-10/I20-I25%EF%BC%9A%E7%BC%BA%E8%A1%80%E6%80%A7%E5%BF%83%E8%84%8F%E7%97%85
I26-I28：肺心病和肺循环疾病,/w/ICD-10/I26-I28%EF%BC%9A%E8%82%BA%E5%BF%83%E7%97%85%E5%92%8C%E8%82%BA%E5%BE%AA%E7%8E%AF%E7%96%BE%E7%97%85
I30-I52：其它形式的心脏病,/w/ICD-10/I30-I52%EF%BC%9A%E5%85%B6%E5%AE%83%E5%BD%A2%E5%BC%8F%E7%9A%84%E5%BF%83%E8%84%8F%E7%97%85
I60-I69：脑血管疾病,/w/ICD-10/I60-I69%EF%BC%9A%E8%84%91%E8%A1%80%E7%AE%A1%E7%96%BE%E7%97%85
I70-I79：动脉、小动脉和毛细血管疾病,/w/ICD-10/I70-I79%EF%BC%9A%E5%8A%A8%E8%84%89%E3%80%81%E5%B0%8F%E5%8A%A8%E8%84%89%E5%92%8C%E6%AF%9B%E7%BB%86%E8%A1%80%E7%AE%A1%E7%96%BE%E7%97%85
I80-I89：静脉、淋巴管、淋巴结疾病 NEC,/w/ICD-10/I80-I89%EF%BC%9A%E9%9D%99%E8%84%89%E3%80%81%E6%B7%8B%E5%B7%B4%E7%AE%A1%E3%80%81%E6%B7%8B%E5%B7%B4%E7%BB%93%E7%96%BE%E7%97%85_NEC
I95-I99：其它或未特指的循环系统疾病,/w/ICD-10/I95-I99%EF%BC%9A%E5%85%B6%E5%AE%83%E6%88%96%E6%9C%AA%E7%89%B9%E6%8C%87%E7%9A%84%E5%BE%AA%E7%8E%AF%E7%B3%BB%E7%BB%9F%E7%96%BE%E7%97%85
IX,I00-I99,ICD-10/I00-I99：循环系统疾病,/w/ICD-10/I00-I99%EF%BC%9A%E5%BE%AA%E7%8E%AF%E7%B3%BB%E7%BB%9F%E7%96%BE%E7%97%85
J00-J06：急性上呼吸道感染,/w/ICD-10/J00-J06%EF%BC%9A%E6%80%A5%E6%80%A7%E4%B8%8A%E5%91%BC%E5%90%B8%E9%81%93%E6%84%9F%E6%9F%93
J09-J18：流感和肺炎,/w/ICD-10/J09-J18%EF%BC%9A%E6%B5%81%E6%84%9F%E5%92%8C%E8%82%BA%E7%82%8E
J20-J22：其它急性下呼吸道感染,/w/ICD-10/J20-J22%EF%BC%9A%E5%85%B6%E5%AE%83%E6%80%A5%E6%80%A7%E4%B8%8B%E5%91%BC%E5%90%B8%E9%81%93%E6%84%9F%E6%9F%93
J30-J39：其它上呼吸道疾病,/w/ICD-10/J30-J39%EF%BC%9A%E5%85%B6%E5%AE%83%E4%B8%8A%E5%91%BC%E5%90%B8%E9%81%93%E7%96%BE%E7%97%85
J40-J47：慢性下呼吸道疾病,/w/ICD-10/J40-J47%EF%BC%9A%E6%85%A2%E6%80%A7%E4%B8%8B%E5%91%BC%E5%90%B8%E9%81%93%E7%96%BE%E7%97%85
J60-J70：由于外部原因造成的肺疾病,/w/ICD-10/J60-J70%EF%BC%9A%E7%94%B1%E4%BA%8E%E5%A4%96%E9%83%A8%E5%8E%9F%E5%9B%A0%E9%80%A0%E6%88%90%E7%9A%84%E8%82%BA%E7%96%BE%E7%97%85
J80-J84：其它主要影响肺间质的呼吸道疾病,/w/ICD-10/J80-J84%EF%BC%9A%E5%85%B6%E5%AE%83%E4%B8%BB%E8%A6%81%E5%BD%B1%E5%93%8D%E8%82%BA%E9%97%B4%E8%B4%A8%E7%9A%84%E5%91%BC%E5%90%B8%E9%81%93%E7%96%BE%E7%97%85
J85-J86：下呼吸道化脓性和坏死性疾病,/w/ICD-10/J85-J86%EF%BC%9A%E4%B8%8B%E5%91%BC%E5%90%B8%E9%81%93%E5%8C%96%E8%84%93%E6%80%A7%E5%92%8C%E5%9D%8F%E6%AD%BB%E6%80%A7%E7%96%BE%E7%97%85
J90-J94：其它胸膜疾病,/w/ICD-10/J90-J94%EF%BC%9A%E5%85%B6%E5%AE%83%E8%83%B8%E8%86%9C%E7%96%BE%E7%97%85
J95-J99：其它呼吸系统疾病,/w/ICD-10/J95-J99%EF%BC%9A%E5%85%B6%E5%AE%83%E5%91%BC%E5%90%B8%E7%B3%BB%E7%BB%9F%E7%96%BE%E7%97%85
X,J00-J99,ICD-10/J00-J99：呼吸系统疾病,/w/ICD-10/J00-J99%EF%BC%9A%E5%91%BC%E5%90%B8%E7%B3%BB%E7%BB%9F%E7%96%BE%E7%97%85
K00-K14：口腔、唾液腺和上下颌疾病,/w/ICD-10/K00-K14%EF%BC%9A%E5%8F%A3%E8%85%94%E3%80%81%E5%94%BE%E6%B6%B2%E8%85%BA%E5%92%8C%E4%B8%8A%E4%B8%8B%E9%A2%8C%E7%96%BE%E7%97%85
K20-K31：食管、胃和十二指肠疾病,/w/ICD-10/K20-K31%EF%BC%9A%E9%A3%9F%E7%AE%A1%E3%80%81%E8%83%83%E5%92%8C%E5%8D%81%E4%BA%8C%E6%8C%87%E8%82%A0%E7%96%BE%E7%97%85
K35-K38：阑尾疾病,/w/ICD-10/K35-K38%EF%BC%9A%E9%98%91%E5%B0%BE%E7%96%BE%E7%97%85
K40-K46：疝气,/w/ICD-10/K40-K46%EF%BC%9A%E7%96%9D%E6%B0%94
K50-K52：非感染性肠炎和结肠炎,/w/ICD-10/K50-K52%EF%BC%9A%E9%9D%9E%E6%84%9F%E6%9F%93%E6%80%A7%E8%82%A0%E7%82%8E%E5%92%8C%E7%BB%93%E8%82%A0%E7%82%8E
K55-K63：其它肠道疾病,/w/ICD-10/K55-K63%EF%BC%9A%E5%85%B6%E5%AE%83%E8%82%A0%E9%81%93%E7%96%BE%E7%97%85
K65-K67：腹膜疾病,/w/ICD-10/K65-K67%EF%BC%9A%E8%85%B9%E8%86%9C%E7%96%BE%E7%97%85
K70-K77：肝脏疾病,/w/ICD-10/K70-K77%EF%BC%9A%E8%82%9D%E8%84%8F%E7%96%BE%E7%97%85
K80-K87：胆囊、胆道和胰腺疾病,/w/ICD-10/K80-K87%EF%BC%9A%E8%83%86%E5%9B%8A%E3%80%81%E8%83%86%E9%81%93%E5%92%8C%E8%83%B0%E8%85%BA%E7%96%BE%E7%97%85
K90-K93：其它消化系统疾病,/w/ICD-10/K90-K93%EF%BC%9A%E5%85%B6%E5%AE%83%E6%B6%88%E5%8C%96%E7%B3%BB%E7%BB%9F%E7%96%BE%E7%97%85
XI,K00-K93,ICD-10/K00-K93：消化系统疾病,/w/ICD-10/K00-K93%EF%BC%9A%E6%B6%88%E5%8C%96%E7%B3%BB%E7%BB%9F%E7%96%BE%E7%97%85
L00-L08：皮肤和皮下组织感染,/w/ICD-10/L00-L08%EF%BC%9A%E7%9A%AE%E8%82%A4%E5%92%8C%E7%9A%AE%E4%B8%8B%E7%BB%84%E7%BB%87%E6%84%9F%E6%9F%93
L10-L14：大疱性皮肤病,/w/ICD-10/L10-L14%EF%BC%9A%E5%A4%A7%E7%96%B1%E6%80%A7%E7%9A%AE%E8%82%A4%E7%97%85
L20-L30：皮炎和湿疹,/w/ICD-10/L20-L30%EF%BC%9A%E7%9A%AE%E7%82%8E%E5%92%8C%E6%B9%BF%E7%96%B9
L40-L45：银屑病,/w/ICD-10/L40-L45%EF%BC%9A%E9%93%B6%E5%B1%91%E7%97%85
L50-L54：风疹和红斑,/w/ICD-10/L50-L54%EF%BC%9A%E9%A3%8E%E7%96%B9%E5%92%8C%E7%BA%A2%E6%96%91
L55-L59：与辐射有关的皮肤和皮下组织疾病,/w/ICD-10/L55-L59%EF%BC%9A%E4%B8%8E%E8%BE%90%E5%B0%84%E6%9C%89%E5%85%B3%E7%9A%84%E7%9A%AE%E8%82%A4%E5%92%8C%E7%9A%AE%E4%B8%8B%E7%BB%84%E7%BB%87%E7%96%BE%E7%97%85
L60-L75：皮肤附器疾病,/w/ICD-10/L60-L75%EF%BC%9A%E7%9A%AE%E8%82%A4%E9%99%84%E5%99%A8%E7%96%BE%E7%97%85
L80-L99：其它皮肤和皮下组织疾病,/w/ICD-10/L80-L99%EF%BC%9A%E5%85%B6%E5%AE%83%E7%9A%AE%E8%82%A4%E5%92%8C%E7%9A%AE%E4%B8%8B%E7%BB%84%E7%BB%87%E7%96%BE%E7%97%85
XII,L00-L99,ICD-10/L00-L99：皮肤和皮下组织疾病,/w/ICD-10/L00-L99%EF%BC%9A%E7%9A%AE%E8%82%A4%E5%92%8C%E7%9A%AE%E4%B8%8B%E7%BB%84%E7%BB%87%E7%96%BE%E7%97%85
M00-M25：关节病,/w/ICD-10/M00-M25%EF%BC%9A%E5%85%B3%E8%8A%82%E7%97%85
M30-M36：全身性结缔组织疾病,/w/ICD-10/M30-M36%EF%BC%9A%E5%85%A8%E8%BA%AB%E6%80%A7%E7%BB%93%E7%BC%94%E7%BB%84%E7%BB%87%E7%96%BE%E7%97%85
M40-M54：脊背病变,/w/ICD-10/M40-M54%EF%BC%9A%E8%84%8A%E8%83%8C%E7%97%85%E5%8F%98
M60-M79：软组织病变,/w/ICD-10/M60-M79%EF%BC%9A%E8%BD%AF%E7%BB%84%E7%BB%87%E7%97%85%E5%8F%98
M80-M94：骨病和软骨病,/w/ICD-10/M80-M94%EF%BC%9A%E9%AA%A8%E7%97%85%E5%92%8C%E8%BD%AF%E9%AA%A8%E7%97%85
M95-M99：其它骨胳肌肉系统和结缔组织疾病,/w/ICD-10/M95-M99%EF%BC%9A%E5%85%B6%E5%AE%83%E9%AA%A8%E8%83%B3%E8%82%8C%E8%82%89%E7%B3%BB%E7%BB%9F%E5%92%8C%E7%BB%93%E7%BC%94%E7%BB%84%E7%BB%87%E7%96%BE%E7%97%85
XIII,M00-M99,ICD-10/M00-M99：骨胳肌肉系统和结缔组织疾病,/w/ICD-10/M00-M99%EF%BC%9A%E9%AA%A8%E8%83%B3%E8%82%8C%E8%82%89%E7%B3%BB%E7%BB%9F%E5%92%8C%E7%BB%93%E7%BC%94%E7%BB%84%E7%BB%87%E7%96%BE%E7%97%85
N00-N08：肾小球疾病,/w/ICD-10/N00-N08%EF%BC%9A%E8%82%BE%E5%B0%8F%E7%90%83%E7%96%BE%E7%97%85
N10-N16：肾小管-间质疾病,/w/ICD-10/N10-N16%EF%BC%9A%E8%82%BE%E5%B0%8F%E7%AE%A1-%E9%97%B4%E8%B4%A8%E7%96%BE%E7%97%85
N17-N19：肾衰竭,/w/ICD-10/N17-N19%EF%BC%9A%E8%82%BE%E8%A1%B0%E7%AB%AD
N20-N23：尿石症,/w/ICD-10/N20-N23%EF%BC%9A%E5%B0%BF%E7%9F%B3%E7%97%87
N25-N29：其它肾和输尿管疾病,/w/ICD-10/N25-N29%EF%BC%9A%E5%85%B6%E5%AE%83%E8%82%BE%E5%92%8C%E8%BE%93%E5%B0%BF%E7%AE%A1%E7%96%BE%E7%97%85
N30-N39：其它泌尿系统疾病,/w/ICD-10/N30-N39%EF%BC%9A%E5%85%B6%E5%AE%83%E6%B3%8C%E5%B0%BF%E7%B3%BB%E7%BB%9F%E7%96%BE%E7%97%85
N60-N64：乳房疾病,/w/ICD-10/N60-N64%EF%BC%9A%E4%B9%B3%E6%88%BF%E7%96%BE%E7%97%85
N70-N77：女性盆腔器官炎性疾病,/w/ICD-10/N70-N77%EF%BC%9A%E5%A5%B3%E6%80%A7%E7%9B%86%E8%85%94%E5%99%A8%E5%AE%98%E7%82%8E%E6%80%A7%E7%96%BE%E7%97%85
N80-N98：女性生殖道非炎性疾病,/w/ICD-10/N80-N98%EF%BC%9A%E5%A5%B3%E6%80%A7%E7%94%9F%E6%AE%96%E9%81%93%E9%9D%9E%E7%82%8E%E6%80%A7%E7%96%BE%E7%97%85
N99：泌尿生殖道的其它疾病,/w/ICD-10/N99%EF%BC%9A%E6%B3%8C%E5%B0%BF%E7%94%9F%E6%AE%96%E9%81%93%E7%9A%84%E5%85%B6%E5%AE%83%E7%96%BE%E7%97%85
XIV,N00-N99,ICD-10/N00-N99：泌尿生殖系统疾病,/w/ICD-10/N00-N99%EF%BC%9A%E6%B3%8C%E5%B0%BF%E7%94%9F%E6%AE%96%E7%B3%BB%E7%BB%9F%E7%96%BE%E7%97%85
O00-O08：伴有流产后果的妊娠,/w/ICD-10/O00-O08%EF%BC%9A%E4%BC%B4%E6%9C%89%E6%B5%81%E4%BA%A7%E5%90%8E%E6%9E%9C%E7%9A%84%E5%A6%8A%E5%A8%A0
O10-O16：在妊娠、分娩和产褥期发生的浮肿、蛋白尿和高血压异常,/w/ICD-10/O10-O16%EF%BC%9A%E5%9C%A8%E5%A6%8A%E5%A8%A0%E3%80%81%E5%88%86%E5%A8%A9%E5%92%8C%E4%BA%A7%E8%A4%A5%E6%9C%9F%E5%8F%91%E7%94%9F%E7%9A%84%E6%B5%AE%E8%82%BF%E3%80%81%E8%9B%8B%E7%99%BD%E5%B0%BF%E5%92%8C%E9%AB%98%E8%A1%80%E5%8E%8B%E5%BC%82%E5%B8%B8
O20-O29：主要与妊娠相关的其它母体异常,/w/ICD-10/O20-O29%EF%BC%9A%E4%B8%BB%E8%A6%81%E4%B8%8E%E5%A6%8A%E5%A8%A0%E7%9B%B8%E5%85%B3%E7%9A%84%E5%85%B6%E5%AE%83%E6%AF%8D%E4%BD%93%E5%BC%82%E5%B8%B8
O30-O48：主要与胎儿、羊膜腔和可能的分娩问题相关的母体护理,/w/ICD-10/O30-O48%EF%BC%9A%E4%B8%BB%E8%A6%81%E4%B8%8E%E8%83%8E%E5%84%BF%E3%80%81%E7%BE%8A%E8%86%9C%E8%85%94%E5%92%8C%E5%8F%AF%E8%83%BD%E7%9A%84%E5%88%86%E5%A8%A9%E9%97%AE%E9%A2%98%E7%9B%B8%E5%85%B3%E7%9A%84%E6%AF%8D%E4%BD%93%E6%8A%A4%E7%90%86
O60-O75：生产及分娩并发症,/w/ICD-10/O60-O75%EF%BC%9A%E7%94%9F%E4%BA%A7%E5%8F%8A%E5%88%86%E5%A8%A9%E5%B9%B6%E5%8F%91%E7%97%87
O80-O84：分娩,/w/ICD-10/O80-O84%EF%BC%9A%E5%88%86%E5%A8%A9
O85-O92：主要与产褥期相关的并发症,/w/ICD-10/O85-O92%EF%BC%9A%E4%B8%BB%E8%A6%81%E4%B8%8E%E4%BA%A7%E8%A4%A5%E6%9C%9F%E7%9B%B8%E5%85%B3%E7%9A%84%E5%B9%B6%E5%8F%91%E7%97%87
O94-O99：其它产科疾病 NEC,/w/ICD-10/O94-O99%EF%BC%9A%E5%85%B6%E5%AE%83%E4%BA%A7%E7%A7%91%E7%96%BE%E7%97%85_NEC
XV,O00-O99,ICD-10/O00-O99：妊娠、分娩和产褥期,/w/ICD-10/O00-O99%EF%BC%9A%E5%A6%8A%E5%A8%A0%E3%80%81%E5%88%86%E5%A8%A9%E5%92%8C%E4%BA%A7%E8%A4%A5%E6%9C%9F
P00-P04：胎儿和新生儿受母体因素和妊娠、分娩及生产并发症的影响,/w/ICD-10/P00-P04%EF%BC%9A%E8%83%8E%E5%84%BF%E5%92%8C%E6%96%B0%E7%94%9F%E5%84%BF%E5%8F%97%E6%AF%8D%E4%BD%93%E5%9B%A0%E7%B4%A0%E5%92%8C%E5%A6%8A%E5%A8%A0%E3%80%81%E5%88%86%E5%A8%A9%E5%8F%8A%E7%94%9F%E4%BA%A7%E5%B9%B6%E5%8F%91%E7%97%87%E7%9A%84%E5%BD%B1%E5%93%8D
P05-P08：与妊娠周期和胎儿生长相关的疾病,/w/ICD-10/P05-P08%EF%BC%9A%E4%B8%8E%E5%A6%8A%E5%A8%A0%E5%91%A8%E6%9C%9F%E5%92%8C%E8%83%8E%E5%84%BF%E7%94%9F%E9%95%BF%E7%9B%B8%E5%85%B3%E7%9A%84%E7%96%BE%E7%97%85
P10-P15：产伤,/w/ICD-10/P10-P15%EF%BC%9A%E4%BA%A7%E4%BC%A4
P20-P29：特发于围生期的呼吸道和心血管疾病,/w/ICD-10/P20-P29%EF%BC%9A%E7%89%B9%E5%8F%91%E4%BA%8E%E5%9B%B4%E7%94%9F%E6%9C%9F%E7%9A%84%E5%91%BC%E5%90%B8%E9%81%93%E5%92%8C%E5%BF%83%E8%A1%80%E7%AE%A1%E7%96%BE%E7%97%85
P35-P39：特发于围生期的感染,/w/ICD-10/P35-P39%EF%BC%9A%E7%89%B9%E5%8F%91%E4%BA%8E%E5%9B%B4%E7%94%9F%E6%9C%9F%E7%9A%84%E6%84%9F%E6%9F%93
P50-P61：胎儿和新生儿出血和血液疾病,/w/ICD-10/P50-P61%EF%BC%9A%E8%83%8E%E5%84%BF%E5%92%8C%E6%96%B0%E7%94%9F%E5%84%BF%E5%87%BA%E8%A1%80%E5%92%8C%E8%A1%80%E6%B6%B2%E7%96%BE%E7%97%85
P70-P74：特发于胎儿和新生儿的短暂的内分泌和代谢性疾病,/w/ICD-10/P70-P74%EF%BC%9A%E7%89%B9%E5%8F%91%E4%BA%8E%E8%83%8E%E5%84%BF%E5%92%8C%E6%96%B0%E7%94%9F%E5%84%BF%E7%9A%84%E7%9F%AD%E6%9A%82%E7%9A%84%E5%86%85%E5%88%86%E6%B3%8C%E5%92%8C%E4%BB%A3%E8%B0%A2%E6%80%A7%E7%96%BE%E7%97%85
P75-P78：胎儿和新生儿消化系统疾病,/w/ICD-10/P75-P78%EF%BC%9A%E8%83%8E%E5%84%BF%E5%92%8C%E6%96%B0%E7%94%9F%E5%84%BF%E6%B6%88%E5%8C%96%E7%B3%BB%E7%BB%9F%E7%96%BE%E7%97%85
P80-P83：涉及胎儿、新生儿体被和体温调节的疾病,/w/ICD-10/P80-P83%EF%BC%9A%E6%B6%89%E5%8F%8A%E8%83%8E%E5%84%BF%E3%80%81%E6%96%B0%E7%94%9F%E5%84%BF%E4%BD%93%E8%A2%AB%E5%92%8C%E4%BD%93%E6%B8%A9%E8%B0%83%E8%8A%82%E7%9A%84%E7%96%BE%E7%97%85
P90-P96：起源于围生期的其它疾病,/w/ICD-10/P90-P96%EF%BC%9A%E8%B5%B7%E6%BA%90%E4%BA%8E%E5%9B%B4%E7%94%9F%E6%9C%9F%E7%9A%84%E5%85%B6%E5%AE%83%E7%96%BE%E7%97%85
XVI,P00-P96,ICD-10/P00-P96：起源于围生期的某些疾病,/w/ICD-10/P00-P96%EF%BC%9A%E8%B5%B7%E6%BA%90%E4%BA%8E%E5%9B%B4%E7%94%9F%E6%9C%9F%E7%9A%84%E6%9F%90%E4%BA%9B%E7%96%BE%E7%97%85
Q00-Q07：神经系统先天性畸形,/w/ICD-10/Q00-Q07%EF%BC%9A%E7%A5%9E%E7%BB%8F%E7%B3%BB%E7%BB%9F%E5%85%88%E5%A4%A9%E6%80%A7%E7%95%B8%E5%BD%A2
Q10-Q18：面、耳、眼、颈部先天性畸形,/w/ICD-10/Q10-Q18%EF%BC%9A%E9%9D%A2%E3%80%81%E8%80%B3%E3%80%81%E7%9C%BC%E3%80%81%E9%A2%88%E9%83%A8%E5%85%88%E5%A4%A9%E6%80%A7%E7%95%B8%E5%BD%A2
Q20-Q28：循环系统先天性畸形,/w/ICD-10/Q20-Q28%EF%BC%9A%E5%BE%AA%E7%8E%AF%E7%B3%BB%E7%BB%9F%E5%85%88%E5%A4%A9%E6%80%A7%E7%95%B8%E5%BD%A2
Q30-Q34：呼吸系统先天性畸形,/w/ICD-10/Q30-Q34%EF%BC%9A%E5%91%BC%E5%90%B8%E7%B3%BB%E7%BB%9F%E5%85%88%E5%A4%A9%E6%80%A7%E7%95%B8%E5%BD%A2
Q35-Q37：唇裂和颚裂,/w/ICD-10/Q35-Q37%EF%BC%9A%E5%94%87%E8%A3%82%E5%92%8C%E9%A2%9A%E8%A3%82
Q38-Q45：其它的消化系统先天性畸形,/w/ICD-10/Q38-Q45%EF%BC%9A%E5%85%B6%E5%AE%83%E7%9A%84%E6%B6%88%E5%8C%96%E7%B3%BB%E7%BB%9F%E5%85%88%E5%A4%A9%E6%80%A7%E7%95%B8%E5%BD%A2
Q50-Q56：生殖器官先天性畸形,/w/ICD-10/Q50-Q56%EF%BC%9A%E7%94%9F%E6%AE%96%E5%99%A8%E5%AE%98%E5%85%88%E5%A4%A9%E6%80%A7%E7%95%B8%E5%BD%A2
Q60-Q64：泌尿系统先天性畸形,/w/ICD-10/Q60-Q64%EF%BC%9A%E6%B3%8C%E5%B0%BF%E7%B3%BB%E7%BB%9F%E5%85%88%E5%A4%A9%E6%80%A7%E7%95%B8%E5%BD%A2
Q65-Q79：肌肉骨胳系统先天性畸形和变形,/w/ICD-10/Q65-Q79%EF%BC%9A%E8%82%8C%E8%82%89%E9%AA%A8%E8%83%B3%E7%B3%BB%E7%BB%9F%E5%85%88%E5%A4%A9%E6%80%A7%E7%95%B8%E5%BD%A2%E5%92%8C%E5%8F%98%E5%BD%A2
Q80-Q89：其它先天性畸形,/w/ICD-10/Q80-Q89%EF%BC%9A%E5%85%B6%E5%AE%83%E5%85%88%E5%A4%A9%E6%80%A7%E7%95%B8%E5%BD%A2
Q90-Q99：染色体异常 NEC,/w/ICD-10/Q90-Q99%EF%BC%9A%E6%9F%93%E8%89%B2%E4%BD%93%E5%BC%82%E5%B8%B8_NEC
XVII,Q00-Q99,ICD-10/Q00-Q99：先天性畸形、变形和染色体异常,/w/ICD-10/Q00-Q99%EF%BC%9A%E5%85%88%E5%A4%A9%E6%80%A7%E7%95%B8%E5%BD%A2%E3%80%81%E5%8F%98%E5%BD%A2%E5%92%8C%E6%9F%93%E8%89%B2%E4%BD%93%E5%BC%82%E5%B8%B8
R00-R09：涉及循环和呼吸系统的症状和体征,/w/ICD-10/R00-R09%EF%BC%9A%E6%B6%89%E5%8F%8A%E5%BE%AA%E7%8E%AF%E5%92%8C%E5%91%BC%E5%90%B8%E7%B3%BB%E7%BB%9F%E7%9A%84%E7%97%87%E7%8A%B6%E5%92%8C%E4%BD%93%E5%BE%81
R10-R19：涉及消化系统和腹部的症状和体征,/w/ICD-10/R10-R19%EF%BC%9A%E6%B6%89%E5%8F%8A%E6%B6%88%E5%8C%96%E7%B3%BB%E7%BB%9F%E5%92%8C%E8%85%B9%E9%83%A8%E7%9A%84%E7%97%87%E7%8A%B6%E5%92%8C%E4%BD%93%E5%BE%81
R20-R23：涉及皮肤和皮下组织的症状和体征,/w/ICD-10/R20-R23%EF%BC%9A%E6%B6%89%E5%8F%8A%E7%9A%AE%E8%82%A4%E5%92%8C%E7%9A%AE%E4%B8%8B%E7%BB%84%E7%BB%87%E7%9A%84%E7%97%87%E7%8A%B6%E5%92%8C%E4%BD%93%E5%BE%81
R25-R29：涉及神经和骨胳肌肉系统的症状和体征,/w/ICD-10/R25-R29%EF%BC%9A%E6%B6%89%E5%8F%8A%E7%A5%9E%E7%BB%8F%E5%92%8C%E9%AA%A8%E8%83%B3%E8%82%8C%E8%82%89%E7%B3%BB%E7%BB%9F%E7%9A%84%E7%97%87%E7%8A%B6%E5%92%8C%E4%BD%93%E5%BE%81
R30-R39：涉及泌尿系统的症状和体征,/w/ICD-10/R30-R39%EF%BC%9A%E6%B6%89%E5%8F%8A%E6%B3%8C%E5%B0%BF%E7%B3%BB%E7%BB%9F%E7%9A%84%E7%97%87%E7%8A%B6%E5%92%8C%E4%BD%93%E5%BE%81
R40-R46：涉及认识，知觉，情感状态和行为的症状和体征,/w/ICD-10/R40-R46%EF%BC%9A%E6%B6%89%E5%8F%8A%E8%AE%A4%E8%AF%86%EF%BC%8C%E7%9F%A5%E8%A7%89%EF%BC%8C%E6%83%85%E6%84%9F%E7%8A%B6%E6%80%81%E5%92%8C%E8%A1%8C%E4%B8%BA%E7%9A%84%E7%97%87%E7%8A%B6%E5%92%8C%E4%BD%93%E5%BE%81
R47-R49：涉及语言和声音的症状和体征,/w/ICD-10/R47-R49%EF%BC%9A%E6%B6%89%E5%8F%8A%E8%AF%AD%E8%A8%80%E5%92%8C%E5%A3%B0%E9%9F%B3%E7%9A%84%E7%97%87%E7%8A%B6%E5%92%8C%E4%BD%93%E5%BE%81
R50-R69：一般的症状和体征,/w/ICD-10/R50-R69%EF%BC%9A%E4%B8%80%E8%88%AC%E7%9A%84%E7%97%87%E7%8A%B6%E5%92%8C%E4%BD%93%E5%BE%81
R70-R79：没有诊断的在验血中的异常发现,/w/ICD-10/R70-R79%EF%BC%9A%E6%B2%A1%E6%9C%89%E8%AF%8A%E6%96%AD%E7%9A%84%E5%9C%A8%E9%AA%8C%E8%A1%80%E4%B8%AD%E7%9A%84%E5%BC%82%E5%B8%B8%E5%8F%91%E7%8E%B0
R80-R82：没有诊断的在验尿中的异常发现,/w/ICD-10/R80-R82%EF%BC%9A%E6%B2%A1%E6%9C%89%E8%AF%8A%E6%96%AD%E7%9A%84%E5%9C%A8%E9%AA%8C%E5%B0%BF%E4%B8%AD%E7%9A%84%E5%BC%82%E5%B8%B8%E5%8F%91%E7%8E%B0
R83-R89：没有诊断的在查验其它体液、物质和组织时的异常发现,/w/ICD-10/R83-R89%EF%BC%9A%E6%B2%A1%E6%9C%89%E8%AF%8A%E6%96%AD%E7%9A%84%E5%9C%A8%E6%9F%A5%E9%AA%8C%E5%85%B6%E5%AE%83%E4%BD%93%E6%B6%B2%E3%80%81%E7%89%A9%E8%B4%A8%E5%92%8C%E7%BB%84%E7%BB%87%E6%97%B6%E7%9A%84%E5%BC%82%E5%B8%B8%E5%8F%91%E7%8E%B0
R90-R94：没有诊断的在诊断成像和功能研究中的异常发现,/w/ICD-10/R90-R94%EF%BC%9A%E6%B2%A1%E6%9C%89%E8%AF%8A%E6%96%AD%E7%9A%84%E5%9C%A8%E8%AF%8A%E6%96%AD%E6%88%90%E5%83%8F%E5%92%8C%E5%8A%9F%E8%83%BD%E7%A0%94%E7%A9%B6%E4%B8%AD%E7%9A%84%E5%BC%82%E5%B8%B8%E5%8F%91%E7%8E%B0
R95-R99：界定不清和原因不明的死亡,/w/ICD-10/R95-R99%EF%BC%9A%E7%95%8C%E5%AE%9A%E4%B8%8D%E6%B8%85%E5%92%8C%E5%8E%9F%E5%9B%A0%E4%B8%8D%E6%98%8E%E7%9A%84%E6%AD%BB%E4%BA%A1
XVIII,R00-R99,ICD-10/R00-R99：症状、体征和异常的临床和化验结果 NEC,/w/ICD-10/R00-R99%EF%BC%9A%E7%97%87%E7%8A%B6%E3%80%81%E4%BD%93%E5%BE%81%E5%92%8C%E5%BC%82%E5%B8%B8%E7%9A%84%E4%B8%B4%E5%BA%8A%E5%92%8C%E5%8C%96%E9%AA%8C%E7%BB%93%E6%9E%9C_NEC
S00-S09：头部损伤,/w/ICD-10/S00-S09%EF%BC%9A%E5%A4%B4%E9%83%A8%E6%8D%9F%E4%BC%A4
S10-S19：颈部损伤,/w/ICD-10/S10-S19%EF%BC%9A%E9%A2%88%E9%83%A8%E6%8D%9F%E4%BC%A4
S20-S29：胸部损伤,/w/ICD-10/S20-S29%EF%BC%9A%E8%83%B8%E9%83%A8%E6%8D%9F%E4%BC%A4
S30-S39：腹部，腰脊柱，背下部，盆骨损伤,/w/ICD-10/S30-S39%EF%BC%9A%E8%85%B9%E9%83%A8%EF%BC%8C%E8%85%B0%E8%84%8A%E6%9F%B1%EF%BC%8C%E8%83%8C%E4%B8%8B%E9%83%A8%EF%BC%8C%E7%9B%86%E9%AA%A8%E6%8D%9F%E4%BC%A4
S40-S49：肩部和上臂损伤,/w/ICD-10/S40-S49%EF%BC%9A%E8%82%A9%E9%83%A8%E5%92%8C%E4%B8%8A%E8%87%82%E6%8D%9F%E4%BC%A4
S50-S59：肘和前臂损伤,/w/ICD-10/S50-S59%EF%BC%9A%E8%82%98%E5%92%8C%E5%89%8D%E8%87%82%E6%8D%9F%E4%BC%A4
S60-S69：手和腕部损伤,/w/ICD-10/S60-S69%EF%BC%9A%E6%89%8B%E5%92%8C%E8%85%95%E9%83%A8%E6%8D%9F%E4%BC%A4
S70-S79：臀和大腿损伤,/w/ICD-10/S70-S79%EF%BC%9A%E8%87%80%E5%92%8C%E5%A4%A7%E8%85%BF%E6%8D%9F%E4%BC%A4
S80-S89：膝和小腿损伤,/w/ICD-10/S80-S89%EF%BC%9A%E8%86%9D%E5%92%8C%E5%B0%8F%E8%85%BF%E6%8D%9F%E4%BC%A4
S90-S99：踝和足损伤,/w/ICD-10/S90-S99%EF%BC%9A%E8%B8%9D%E5%92%8C%E8%B6%B3%E6%8D%9F%E4%BC%A4
T00-T07：涉及多处身体部位的损伤,/w/ICD-10/T00-T07%EF%BC%9A%E6%B6%89%E5%8F%8A%E5%A4%9A%E5%A4%84%E8%BA%AB%E4%BD%93%E9%83%A8%E4%BD%8D%E7%9A%84%E6%8D%9F%E4%BC%A4
T08-T14：未界定的躯干，四肢，或身体部位的损伤,/w/ICD-10/T08-T14%EF%BC%9A%E6%9C%AA%E7%95%8C%E5%AE%9A%E7%9A%84%E8%BA%AF%E5%B9%B2%EF%BC%8C%E5%9B%9B%E8%82%A2%EF%BC%8C%E6%88%96%E8%BA%AB%E4%BD%93%E9%83%A8%E4%BD%8D%E7%9A%84%E6%8D%9F%E4%BC%A4
T15-T19：通过自然孔口进入的异物的影响,/w/ICD-10/T15-T19%EF%BC%9A%E9%80%9A%E8%BF%87%E8%87%AA%E7%84%B6%E5%AD%94%E5%8F%A3%E8%BF%9B%E5%85%A5%E7%9A%84%E5%BC%82%E7%89%A9%E7%9A%84%E5%BD%B1%E5%93%8D
T20-T32：烧伤和腐蚀,/w/ICD-10/T20-T32%EF%BC%9A%E7%83%A7%E4%BC%A4%E5%92%8C%E8%85%90%E8%9A%80
T33-T35：冻伤,/w/ICD-10/T33-T35%EF%BC%9A%E5%86%BB%E4%BC%A4
T36-T50：药物，药剂和生物物质引起的中毒,/w/ICD-10/T36-T50%EF%BC%9A%E8%8D%AF%E7%89%A9%EF%BC%8C%E8%8D%AF%E5%89%82%E5%92%8C%E7%94%9F%E7%89%A9%E7%89%A9%E8%B4%A8%E5%BC%95%E8%B5%B7%E7%9A%84%E4%B8%AD%E6%AF%92
T51-T65：主要来源于非医源性物质的毒性作用,/w/ICD-10/T51-T65%EF%BC%9A%E4%B8%BB%E8%A6%81%E6%9D%A5%E6%BA%90%E4%BA%8E%E9%9D%9E%E5%8C%BB%E6%BA%90%E6%80%A7%E7%89%A9%E8%B4%A8%E7%9A%84%E6%AF%92%E6%80%A7%E4%BD%9C%E7%94%A8
T66-T78：其它的和未界定的外因影响,/w/ICD-10/T66-T78%EF%BC%9A%E5%85%B6%E5%AE%83%E7%9A%84%E5%92%8C%E6%9C%AA%E7%95%8C%E5%AE%9A%E7%9A%84%E5%A4%96%E5%9B%A0%E5%BD%B1%E5%93%8D
T79：某些创伤造成的早期并发症,/w/ICD-10/T79%EF%BC%9A%E6%9F%90%E4%BA%9B%E5%88%9B%E4%BC%A4%E9%80%A0%E6%88%90%E7%9A%84%E6%97%A9%E6%9C%9F%E5%B9%B6%E5%8F%91%E7%97%87
T80-T88：手术和医疗护理并发症 NEC,/w/ICD-10/T80-T88%EF%BC%9A%E6%89%8B%E6%9C%AF%E5%92%8C%E5%8C%BB%E7%96%97%E6%8A%A4%E7%90%86%E5%B9%B6%E5%8F%91%E7%97%87_NEC
T90-T98：损伤，中毒和其它外因后果的后遗症,/w/ICD-10/T90-T98%EF%BC%9A%E6%8D%9F%E4%BC%A4%EF%BC%8C%E4%B8%AD%E6%AF%92%E5%92%8C%E5%85%B6%E5%AE%83%E5%A4%96%E5%9B%A0%E5%90%8E%E6%9E%9C%E7%9A%84%E5%90%8E%E9%81%97%E7%97%87
XIX,S00-T98,ICD-10/S00-T98：损伤、中毒和外因作用的某些其它结果,/w/ICD-10/S00-T98%EF%BC%9A%E6%8D%9F%E4%BC%A4%E3%80%81%E4%B8%AD%E6%AF%92%E5%92%8C%E5%A4%96%E5%9B%A0%E4%BD%9C%E7%94%A8%E7%9A%84%E6%9F%90%E4%BA%9B%E5%85%B6%E5%AE%83%E7%BB%93%E6%9E%9C
V01-X59：事故,/w/ICD-10/V01-X59%EF%BC%9A%E4%BA%8B%E6%95%85
X60-X84：故意的自我伤害,/w/ICD-10/X60-X84%EF%BC%9A%E6%95%85%E6%84%8F%E7%9A%84%E8%87%AA%E6%88%91%E4%BC%A4%E5%AE%B3
X85-Y09：攻击(加害）,/w/ICD-10/X85-Y09%EF%BC%9A%E6%94%BB%E5%87%BB(%E5%8A%A0%E5%AE%B3%EF%BC%89
Y10-Y34：意图不确定的事件,/w/ICD-10/Y10-Y34%EF%BC%9A%E6%84%8F%E5%9B%BE%E4%B8%8D%E7%A1%AE%E5%AE%9A%E7%9A%84%E4%BA%8B%E4%BB%B6
Y35-Y36：法律干涉和战争行动,/w/ICD-10/Y35-Y36%EF%BC%9A%E6%B3%95%E5%BE%8B%E5%B9%B2%E6%B6%89%E5%92%8C%E6%88%98%E4%BA%89%E8%A1%8C%E5%8A%A8
Y40-Y84：医疗和手术护理的并发症,/w/ICD-10/Y40-Y84%EF%BC%9A%E5%8C%BB%E7%96%97%E5%92%8C%E6%89%8B%E6%9C%AF%E6%8A%A4%E7%90%86%E7%9A%84%E5%B9%B6%E5%8F%91%E7%97%87
Y85-Y89：发病和死亡外因造成的后遗症,/w/ICD-10/Y85-Y89%EF%BC%9A%E5%8F%91%E7%97%85%E5%92%8C%E6%AD%BB%E4%BA%A1%E5%A4%96%E5%9B%A0%E9%80%A0%E6%88%90%E7%9A%84%E5%90%8E%E9%81%97%E7%97%87
Y90-Y98：与分类在它处的发病和死亡外因有关的补充因素,/w/ICD-10/Y90-Y98%EF%BC%9A%E4%B8%8E%E5%88%86%E7%B1%BB%E5%9C%A8%E5%AE%83%E5%A4%84%E7%9A%84%E5%8F%91%E7%97%85%E5%92%8C%E6%AD%BB%E4%BA%A1%E5%A4%96%E5%9B%A0%E6%9C%89%E5%85%B3%E7%9A%84%E8%A1%A5%E5%85%85%E5%9B%A0%E7%B4%A0
XX,V01-Y98,ICD-10/V01-Y98：发病和死亡的外因,/w/ICD-10/V01-Y98%EF%BC%9A%E5%8F%91%E7%97%85%E5%92%8C%E6%AD%BB%E4%BA%A1%E7%9A%84%E5%A4%96%E5%9B%A0
Z00-Z13：因体检和检查接受健康服务的人群,/w/ICD-10/Z00-Z13%EF%BC%9A%E5%9B%A0%E4%BD%93%E6%A3%80%E5%92%8C%E6%A3%80%E6%9F%A5%E6%8E%A5%E5%8F%97%E5%81%A5%E5%BA%B7%E6%9C%8D%E5%8A%A1%E7%9A%84%E4%BA%BA%E7%BE%A4
Z20-Z29：存在与传染病相关的潜在健康危险的人群,/w/ICD-10/Z20-Z29%EF%BC%9A%E5%AD%98%E5%9C%A8%E4%B8%8E%E4%BC%A0%E6%9F%93%E7%97%85%E7%9B%B8%E5%85%B3%E7%9A%84%E6%BD%9C%E5%9C%A8%E5%81%A5%E5%BA%B7%E5%8D%B1%E9%99%A9%E7%9A%84%E4%BA%BA%E7%BE%A4
Z30-Z39：因生育接受健康服务的人群,/w/ICD-10/Z30-Z39%EF%BC%9A%E5%9B%A0%E7%94%9F%E8%82%B2%E6%8E%A5%E5%8F%97%E5%81%A5%E5%BA%B7%E6%9C%8D%E5%8A%A1%E7%9A%84%E4%BA%BA%E7%BE%A4
Z40-Z54：因特殊操作和护理接受健康服务的人群,/w/ICD-10/Z40-Z54%EF%BC%9A%E5%9B%A0%E7%89%B9%E6%AE%8A%E6%93%8D%E4%BD%9C%E5%92%8C%E6%8A%A4%E7%90%86%E6%8E%A5%E5%8F%97%E5%81%A5%E5%BA%B7%E6%9C%8D%E5%8A%A1%E7%9A%84%E4%BA%BA%E7%BE%A4
Z55-Z65：存在与社会经济和社会心理状况有关的潜在健康危险的人群,/w/ICD-10/Z55-Z65%EF%BC%9A%E5%AD%98%E5%9C%A8%E4%B8%8E%E7%A4%BE%E4%BC%9A%E7%BB%8F%E6%B5%8E%E5%92%8C%E7%A4%BE%E4%BC%9A%E5%BF%83%E7%90%86%E7%8A%B6%E5%86%B5%E6%9C%89%E5%85%B3%E7%9A%84%E6%BD%9C%E5%9C%A8%E5%81%A5%E5%BA%B7%E5%8D%B1%E9%99%A9%E7%9A%84%E4%BA%BA%E7%BE%A4
Z70-Z76：其它环境条件下接受健康服务的人群,/w/ICD-10/Z70-Z76%EF%BC%9A%E5%85%B6%E5%AE%83%E7%8E%AF%E5%A2%83%E6%9D%A1%E4%BB%B6%E4%B8%8B%E6%8E%A5%E5%8F%97%E5%81%A5%E5%BA%B7%E6%9C%8D%E5%8A%A1%E7%9A%84%E4%BA%BA%E7%BE%A4
Z80-Z99：存在与家庭和个人经历以及某些影响健康状况条件有关的潜在健康危险的人群,/w/ICD-10/Z80-Z99%EF%BC%9A%E5%AD%98%E5%9C%A8%E4%B8%8E%E5%AE%B6%E5%BA%AD%E5%92%8C%E4%B8%AA%E4%BA%BA%E7%BB%8F%E5%8E%86%E4%BB%A5%E5%8F%8A%E6%9F%90%E4%BA%9B%E5%BD%B1%E5%93%8D%E5%81%A5%E5%BA%B7%E7%8A%B6%E5%86%B5%E6%9D%A1%E4%BB%B6%E6%9C%89%E5%85%B3%E7%9A%84%E6%BD%9C%E5%9C%A8%E5%81%A5%E5%BA%B7%E5%8D%B1%E9%99%A9%E7%9A%84%E4%BA%BA%E7%BE%A4
XXI,Z00-Z99,ICD-10/Z00-Z99：影响健康状况和接触健康服务的因素,/w/ICD-10/Z00-Z99%EF%BC%9A%E5%BD%B1%E5%93%8D%E5%81%A5%E5%BA%B7%E7%8A%B6%E5%86%B5%E5%92%8C%E6%8E%A5%E8%A7%A6%E5%81%A5%E5%BA%B7%E6%9C%8D%E5%8A%A1%E7%9A%84%E5%9B%A0%E7%B4%A0
U00-U49：不确定病因的新疾病的临时编排,/w/ICD-10/U00-U49%EF%BC%9A%E4%B8%8D%E7%A1%AE%E5%AE%9A%E7%97%85%E5%9B%A0%E7%9A%84%E6%96%B0%E7%96%BE%E7%97%85%E7%9A%84%E4%B8%B4%E6%97%B6%E7%BC%96%E6%8E%92
U80-U89：抵抗抗生素的细菌因子,/w/ICD-10/U80-U89%EF%BC%9A%E6%8A%B5%E6%8A%97%E6%8A%97%E7%94%9F%E7%B4%A0%E7%9A%84%E7%BB%86%E8%8F%8C%E5%9B%A0%E5%AD%90
XXII,U00-U99,ICD-10/U00-U99：特殊用途编码,/w/ICD-10/U00-U99%EF%BC%9A%E7%89%B9%E6%AE%8A%E7%94%A8%E9%80%94%E7%BC%96%E7%A0%81
